sec,frame,tier,name
00:20:00.00,30000,落云宗太上长老,AAA金雷竹批发商熊宝
00:20:00.00,30000,落云宗太上长老,白兰恐龙
00:20:00.00,30000,落云宗太上长老,香异毛饭
00:20:00.00,30000,落云宗太上长老,啦啦啦小张哥
00:20:00.00,30000,落云宗太上长老,气运如鸿
00:20:00.00,30000,落云宗太上长老,微の温柔我
00:20:00.00,30000,落云宗太上长老,一脸荫B等
00:20:00.00,30000,落云宗太上长老,AAA薯片批发王
00:20:00.00,30000,落云宗太上长老,Lin先生啊啊啊　
00:20:00.00,30000,落云宗太上长老,嘎嘎嘎嘎嘎嘎嘎嘎
00:20:00.00,30000,落云宗太上长老,夏嘎嘎嘎！来打我呀…
00:20:00.00,30000,落云宗太上长老,伪灵根散修网球人
00:20:00.00,30000,落云宗太上长老,一脸惜逼的李小笼虫
00:20:00.00,30000,落云宗太上长老,AaBbCcDdEeZzFf
00:20:00.00,30000,落云宗太上长老,白日幻想家shaw
00:20:00.00,30000,落云宗太上长老,嘎嘎嘎在这种
00:20:00.00,30000,落云宗太上长老,掐死尼尔
00:20:00.00,30000,落云宗太上长老,尾上世莉架√
00:20:00.00,30000,落云宗太上长老,一路生花669911播
00:20:00.00,30000,落云宗太上长老,AC.GO A
00:20:00.00,30000,落云宗太上长老,Liszt李斯特  
00:20:00.00,30000,落云宗太上长老,自天有海风
00:20:00.00,30000,落云宗太上长老,该用户未命名
00:20:00.00,30000,落云宗太上长老,名　来一瓶津威
00:20:00.00,30000,落云宗太上长老,委婉少年一
00:20:00.00,30000,落云宗太上长老,一枚宝儿
00:20:00.00,30000,落云宗太上长老,Acar新宇宙凛
00:20:00.00,30000,落云宗太上长老,Little小火龙，
00:20:00.00,30000,落云宗太上长老,白熊爱吃肉
00:20:00.00,30000,落云宗太上长老,盖世喽喽喽雄Z
00:20:00.00,30000,落云宗太上长老,来自三亚的老
00:20:00.00,30000,落云宗太上长老,千杯酒千秋醉
00:20:00.00,30000,落云宗太上长老,卫衣中的欧妮桑
00:20:00.00,30000,落云宗太上长老,一米六出没
00:20:00.00,30000,落云宗太上长老,ACergcy
00:20:00.00,30000,落云宗太上长老,LiWeiAn0819
00:20:00.00,30000,落云宗太上长老,（莱迪雅的盾牌
00:20:00.00,30000,落云宗太上长老,千帆得很呀
00:20:00.00,30000,落云宗太上长老,为爱发电619
00:20:00.00,30000,落云宗太上长老,一米韶华
00:20:00.00,30000,落云宗太上长老,Acomee
00:20:00.00,30000,落云宗太上长老,Iizhi1273
00:20:00.00,30000,落云宗太上长老,白羽小季一菱
00:20:00.00,30000,落云宗太上长老,爱甘乐酱
00:20:00.00,30000,落云宗太上长老,千钓四两
00:20:00.00,30000,落云宗太上长老,为黑白的未来染色
00:20:00.00,30000,落云宗太上长老,一米五八哦
00:20:00.00,30000,落云宗太上长老,k是李凯
00:20:00.00,30000,落云宗太上长老,白云宁雨
00:20:00.00,30000,落云宗太上长老,甘氏啊业
00:20:00.00,30000,落云宗太上长老,千畸摊高牙
00:20:00.00,30000,落云宗太上长老,为啥不让叫赵梓骏
00:20:00.00,30000,落云宗太上长老,百花缭乱瞬间
00:20:00.00,30000,落云宗太上长老,肝肝肝某
00:20:00.00,30000,落云宗太上长老,兰岭笑笑生
00:20:00.00,30000,落云宗太上长老,千万别熬夜
00:20:00.00,30000,落云宗太上长老,为什么不先选ad
00:20:00.00,30000,落云宗太上长老,一屁崩散兄弟情
00:20:00.00,30000,落云宗太上长老,LNL1I
00:20:00.00,30000,落云宗太上长老,百醉干筋
00:20:00.00,30000,落云宗太上长老,軒小岚某很菜
00:20:00.00,30000,落云宗太上长老,千威手机维修
00:20:00.00,30000,落云宗太上长老,未迟迟迟迟迟
00:20:00.00,30000,落云宗太上长老,Londontown
00:20:00.00,30000,落云宗太上长老,柑橘幽raining
00:20:00.00,30000,落云宗太上长老,千玺家的，
00:20:00.00,30000,落云宗太上长老,未及子手
00:20:00.00,30000,落云宗太上长老,一起来撕比
00:20:00.00,30000,落云宗太上长老,longer龙游
00:20:00.00,30000,落云宗太上长老,般若一目连
00:20:00.00,30000,落云宗太上长老,干草草2
00:20:00.00,30000,落云宗太上长老,蓝白-GKB
00:20:00.00,30000,落云宗太上长老,千与千寻z
00:20:00.00,30000,落云宗太上长老,未完-待续ing
00:20:00.00,30000,落云宗太上长老,一切皆可如愿
00:20:00.00,30000,落云宗太上长老,半岛饭盒呀
00:20:00.00,30000,落云宗太上长老,干坏事的都是我厉
00:20:00.00,30000,落云宗太上长老,是我厉飞雨
00:20:00.00,30000,落云宗太上长老,一生所爱-dong，
00:20:00.00,30000,落云宗太上长老,LOUISEVERYWHERE 
00:20:00.00,30000,落云宗太上长老,半价芹菜
00:20:00.00,30000,落云宗太上长老,，于了这口鲜奶
00:20:00.00,30000,落云宗太上长老,奶蓝猫淘气问三
00:20:00.00,30000,落云宗太上长老,前女友是个胖子
00:20:00.00,30000,落云宗太上长老,蔚蓝麓湖
00:20:00.00,30000,落云宗太上长老,++--+---+--
00:20:00.00,30000,落云宗太上长老,Akatsuki飘渺
00:20:00.00,30000,落云宗太上长老,lo飞翔的猫ol 
00:20:00.00,30000,落云宗太上长老,刚发挥咖啡店
00:20:00.00,30000,落云宗太上长老,店蓝月辰枫
00:20:00.00,30000,落云宗太上长老,乾字-百花缭乱
00:20:00.00,30000,落云宗太上长老,LSureGX
00:20:00.00,30000,落云宗太上长老,半糖小子、
00:20:00.00,30000,落云宗太上长老,钢弹史莱姆地
00:20:00.00,30000,落云宗太上长老,温酒待得佳人归
00:20:00.00,30000,落云宗太上长老,Iti21362475_
00:20:00.00,30000,落云宗太上长老,半只白斩鸡
00:20:00.00,30000,落云宗太上长老,懒癌晚期患者
00:20:00.00,30000,落云宗太上长老,温山先生
00:20:00.00,30000,落云宗太上长老,akmace-a0
00:20:00.00,30000,落云宗太上长老,LTNS好久不见
00:20:00.00,30000,落云宗太上长老,alexander06232
00:20:00.00,30000,落云宗太上长老,薄盐鳕鱼子iun
00:20:00.00,30000,落云宗太上长老,高级晋江NPC
00:20:00.00,30000,落云宗太上长老,温天仁123
00:20:00.00,30000,落云宗太上长老,—下雨云就挂了
00:20:00.00,30000,落云宗太上长老,AlexLiu1737
00:20:00.00,30000,落云宗太上长老,LuckyNuggets
00:20:00.00,30000,落云宗太上长老,宝宝汽水
00:20:00.00,30000,落云宗太上长老,高浓度怡宝
00:20:00.00,30000,落云宗太上长老,一小龍猫一
00:20:00.00,30000,落云宗太上长老,Alexwonggxb
00:20:00.00,30000,落云宗太上长老,lucky眼
00:20:00.00,30000,落云宗太上长老,饱了不饱，
00:20:00.00,30000,落云宗太上长老,烂仔要深情
00:20:00.00,30000,落云宗太上长老,一笑奈何z9
00:20:00.00,30000,落云宗太上长老,Algol不是鸽子，
00:20:00.00,30000,落云宗太上长老,Lukedkl
00:20:00.00,30000,落云宗太上长老,抱紧电话尧尧线
00:20:00.00,30000,落云宗太上长老,文夜下
00:20:00.00,30000,落云宗太上长老,一星天的海
00:20:00.00,30000,落云宗太上长老,Aliez._ DX
00:20:00.00,30000,落云宗太上长老,lululu滴哔哩
00:20:00.00,30000,落云宗太上长老,暴动的小宇宙
00:20:00.00,30000,落云宗太上长老,咯咯哒西妳
00:20:00.00,30000,落云宗太上长老,朗哥嘿嘿嘿
00:20:00.00,30000,落云宗太上长老,强壮的老白兔
00:20:00.00,30000,落云宗太上长老,稳住我们能win
00:20:00.00,30000,落云宗太上长老,一休哥的动感光波很不
00:20:00.00,30000,落云宗太上长老,ALIVE-NO3
00:20:00.00,30000,落云宗太上长老,lululu铭岳，
00:20:00.00,30000,落云宗太上长老,暴力猫猫、有
00:20:00.00,30000,落云宗太上长老,哥谭大蝙蝠
00:20:00.00,30000,落云宗太上长老,问了吗统一口径
00:20:00.00,30000,落云宗太上长老,一夜暴富的小包子
00:20:00.00,30000,落云宗太上长老,allen秃头猫
00:20:00.00,30000,落云宗太上长老,lunchdudbox
00:20:00.00,30000,落云宗太上长老,暴躁的狗蛋儿
00:20:00.00,30000,落云宗太上长老,鸽子的冥想
00:20:00.00,30000,落云宗太上长老,浪浪金
00:20:00.00,30000,落云宗太上长老,乔布斯家隔壁的大黄瓜
00:20:00.00,30000,落云宗太上长老,翁法罗斯掏垃圾桶的神
00:20:00.00,30000,落云宗太上长老,—雨中客一—
00:20:00.00,30000,落云宗太上长老,Alloclee
00:20:00.00,30000,落云宗太上长老,luxaasi 
00:20:00.00,30000,落云宗太上长老,暴走章鱼哥1
00:20:00.00,30000,落云宗太上长老,浪神浪得虚名
00:20:00.00,30000,落云宗太上长老,乔治五世
00:20:00.00,30000,落云宗太上长老,蜗出自我
00:20:00.00,30000,落云宗太上长老,一支野の贤菌
00:20:00.00,30000,落云宗太上长老,Alphakitty
00:20:00.00,30000,落云宗太上长老,LVJeremy
00:20:00.00,30000,落云宗太上长老,一直努力努力还努力
00:20:00.00,30000,落云宗太上长老,Alter-Frozen
00:20:00.00,30000,落云宗太上长老,卑部的七八九，
00:20:00.00,30000,落云宗太上长老,巧遇paggy
00:20:00.00,30000,落云宗太上长老,蜗牛小小麦
00:20:00.00,30000,落云宗太上长老,一直硬邦邦　
00:20:00.00,30000,落云宗太上长老,Always_ox0-m
00:20:00.00,30000,落云宗太上长老,卑微铲屎官在线开机
00:20:00.00,30000,落云宗太上长老,机隔壁老梦梦吖
00:20:00.00,30000,落云宗太上长老,?老哥998
00:20:00.00,30000,落云宗太上长老,我爱tgl，
00:20:00.00,30000,落云宗太上长老,一只白鹤在飞。
00:20:00.00,30000,落云宗太上长老,工藤新一机哇
00:20:00.00,30000,落云宗太上长老,圭 老机长舒克
00:20:00.00,30000,落云宗太上长老,且听我一言
00:20:00.00,30000,落云宗太上长老,我-爱凡人修仙传
00:20:00.00,30000,落云宗太上长老,一只吃猫的小鱼
00:20:00.00,30000,落云宗太上长老,Anamnesis记忆
00:20:00.00,30000,落云宗太上长老,LzYgGdDr X
00:20:00.00,30000,落云宗太上长老,北大骚话王
00:20:00.00,30000,落云宗太上长老,惬意翱翔
00:20:00.00,30000,落云宗太上长老,我爱喝蠢牛奶女
00:20:00.00,30000,落云宗太上长老,一只大橘喵呀　
00:20:00.00,30000,落云宗太上长老,AndrewLok
00:20:00.00,30000,落云宗太上长老,宫崎葵子
00:20:00.00,30000,落云宗太上长老,老农的变形拖
00:20:00.00,30000,落云宗太上长老,我爱寂寞
00:20:00.00,30000,落云宗太上长老,一只剑老小
00:20:00.00,30000,落云宗太上长老,Angelmayfall
00:20:00.00,30000,落云宗太上长老,老朋友吴迪
00:20:00.00,30000,落云宗太上长老,我爱千千呀
00:20:00.00,30000,落云宗太上长老,一只-绝-爱-猫
00:20:00.00,30000,落云宗太上长老,Answer_HAN
00:20:00.00,30000,落云宗太上长老,恭迎韩天尊
00:20:00.00,30000,落云宗太上长老,老清新菲利克
00:20:00.00,30000,落云宗太上长老,我把你打败，。
00:20:00.00,30000,落云宗太上长老,一只猫两只兔
00:20:03.68,30092,落云宗太上长老,［我是个法师———
00:20:03.68,30092,落云宗太上长老,北虞有条鱼摆摆
00:20:03.68,30092,落云宗太上长老,老师我想逐帜
00:20:03.68,30092,落云宗太上长老,琴酒余生
00:20:03.68,30092,落云宗太上长老,我必须立刻马上开饭_℃
00:20:03.68,30092,落云宗太上长老,只薯杂播
00:20:03.68,30092,落云宗太上长老,Apingz22
00:20:03.68,30092,落云宗太上长老,北桥小梨里摆摆
00:20:03.68,30092,落云宗太上长老,狗熊岭被熊追
00:20:03.68,30092,落云宗太上长老,自老试菜员了
00:20:03.68,30092,落云宗太上长老,青絲华年
00:20:03.68,30092,落云宗太上长老,我变成鸽子啦工开级二。
00:20:03.68,30092,落云宗太上长老,一只小野朱
00:20:03.68,30092,落云宗太上长老,贝壳and果果菠萝
00:20:03.68,30092,落云宗太上长老,枸枸枸杞子造
00:20:03.68,30092,落云宗太上长老,人老司机快发车
00:20:03.68,30092,落云宗太上长老,青城小腊肉呀
00:20:03.68,30092,落云宗太上长老,我不是灯谜
00:20:03.68,30092,落云宗太上长老,—纸灰机木
00:20:03.68,30092,落云宗太上长老,Arianrhodjisc
00:20:03.68,30092,落云宗太上长老,maoyeanxin
00:20:03.68,30092,落云宗太上长老,贝壳里有小小蔡多
00:20:03.68,30092,落云宗太上长老,呱唧是只喵，（
00:20:03.68,30092,落云宗太上长老,老坛自行车）
00:20:03.68,30092,落云宗太上长老,青春猪头少年没烦恼
00:20:03.68,30092,落云宗太上长老,我不是罗大帅啊
00:20:03.68,30092,落云宗太上长老,伊安修机
00:20:03.68,30092,落云宗太上长老,AriesHo02019
00:20:03.68,30092,落云宗太上长老,Maple冷枫
00:20:03.68,30092,落云宗太上长老,备用A小办
00:20:03.68,30092,落云宗太上长老,咕咕子的杂货铺
00:20:03.68,30092,落云宗太上长老,货铺老头们的快乐
00:20:03.68,30092,落云宗太上长老,青风简响及质圆
00:20:03.68,30092,落云宗太上长老,我擦勒99购
00:20:03.68,30092,落云宗太上长老,伊村学术草履虫
00:20:03.68,30092,落云宗太上长老,Asaki天人
00:20:03.68,30092,落云宗太上长老,marciaying
00:20:03.68,30092,落云宗太上长老,被看上的号
00:20:03.68,30092,落云宗太上长老,咕噜咕噜绮贝理
00:20:03.68,30092,落云宗太上长老,灵老秀头666
00:20:03.68,30092,落云宗太上长老,青风初翊
00:20:03.68,30092,落云宗太上长老,我車上有空調
00:20:03.68,30092,落云宗太上长老,伊兰迪尔之剑”
00:20:03.68,30092,落云宗太上长老,ashangar
00:20:03.68,30092,落云宗太上长老,Marcos不会R
00:20:03.68,30092,落云宗太上长老,被华果郁中的
00:20:03.68,30092,落云宗太上长老,咕秋秋biubiu
00:20:03.68,30092,落云宗太上长老,u老王家的好男
00:20:03.68,30092,落云宗太上长老,青龙巷秀气的粗面
00:20:03.68,30092,落云宗太上长老,我的人生就是一个过客
00:20:03.68,30092,落云宗太上长老,医生你听我疫辩
00:20:03.68,30092,落云宗太上长老,AsilencGoast
00:20:03.68,30092,落云宗太上长老,MARKMAKA
00:20:03.68,30092,落云宗太上长老,笨间季依籽的
00:20:03.68,30092,落云宗太上长老,孤独的人偶君子。
00:20:03.68,30092,落云宗太上长老,辛小乐布熊的好孕
00:20:03.68,30092,落云宗太上长老,青弯离华的祖画
00:20:03.68,30092,落云宗太上长老,我的心可来冷-Ib过者
00:20:03.68,30092,落云宗太上长老,依然消遣我技计
00:20:03.68,30092,落云宗太上长老,Asteroid Jay
00:20:03.68,30092,落云宗太上长老,markrevenge
00:20:03.68,30092,落云宗太上长老,本妹学不萌
00:20:03.68,30092,落云宗太上长老,孤独的亚瑟摩根
00:20:03.68,30092,落云宗太上长老,青养先生
00:20:03.68,30092,落云宗太上长老,我对塔菲打首冲
00:20:03.68,30092,落云宗太上长老,猜立来玄心
00:20:03.68,30092,落云宗太上长老,Asuka_Rangure_
00:20:03.68,30092,落云宗太上长老,martintin212e
00:20:03.68,30092,落云宗太上长老,本人修仙法力无边
00:20:03.68,30092,落云宗太上长老,孤独的张八九依
00:20:03.68,30092,落云宗太上长老,根解历史地理
00:20:03.68,30092,落云宗太上长老,青涩的回忆。
00:20:03.68,30092,落云宗太上长老,我还吃虾仁牛
00:20:03.68,30092,落云宗太上长老,壹柴术公心
00:20:03.68,30092,落云宗太上长老,Auskaangae
00:20:03.68,30092,落云宗太上长老,MarvelofGames
00:20:03.68,30092,落云宗太上长老,笨蛋的小玺力无边
00:20:03.68,30092,落云宗太上长老,孤山隐鹤八九
00:20:03.68,30092,落云宗太上长老,-雷神剑因陀罗
00:20:03.68,30092,落云宗太上长老,青山-不见我
00:20:03.68,30092,落云宗太上长老,我好萌吖
00:20:03.68,30092,落云宗太上长老,masitemGames
00:20:03.68,30092,落云宗太上长老,几尖宝
00:20:03.68,30092,落云宗太上长老,雷腾Rayten
00:20:03.68,30092,落云宗太上长老,我回来了QQQ
00:20:03.68,30092,落云宗太上长老,此巴卜飞起来
00:20:03.68,30092,落云宗太上长老,「古德拉可oodluc
00:20:03.68,30092,落云宗太上长老,odluck蕾娜、碎梦者
00:20:03.68,30092,落云宗太上长老,我家有只小黑熊
00:20:03.68,30092,落云宗太上长老,Maxsix666666
00:20:03.68,30092,落云宗太上长老,比个哦润几
00:20:03.68,30092,落云宗太上长老,舍凡林乡
00:20:03.68,30092,落云宗太上长老,Clnck泪落羽筋多者
00:20:03.68,30092,落云宗太上长老,青衫隐竹林道尊
00:20:03.68,30092,落云宗太上长老,怡吉岭伶
00:20:03.68,30092,落云宗太上长老,maxwel12311115
00:20:03.68,30092,落云宗太上长老,古神的低语议会
00:20:03.68,30092,落云宗太上长老,义会泪影世室
00:20:03.68,30092,落云宗太上长老,青叶红叶休道等
00:20:03.68,30092,落云宗太上长老,遗忘的江南
00:20:03.68,30092,落云宗太上长老,aya味の吐槽日常
00:20:03.68,30092,落云宗太上长老,Max马克斯
00:20:03.68,30092,落云宗太上长老,比例哗啦啦啦啦
00:20:03.68,30092,落云宗太上长老,舍月峰633议会
00:20:03.68,30092,落云宗太上长老,文会楼会、工
00:20:03.68,30092,落云宗太上长老,我叫郭宇航
00:20:03.68,30092,落云宗太上长老,疑是星河人梦来
00:20:03.68,30092,落云宗太上长老,A计划上午借口带
00:20:03.68,30092,落云宗太上长老,Mcc901999
00:20:03.68,30092,落云宗太上长老,彼岸的画药妞育
00:20:03.68,30092,落云宗太上长老,冷酷的喷火龙
00:20:03.68,30092,落云宗太上长老,己经是一只废碗了
00:20:03.68,30092,落云宗太上长老,A今置别梦寒A
00:20:03.68,30092,落云宗太上长老,merc
00:20:03.68,30092,落云宗太上长老,股海厉飞雨
00:20:03.68,30092,落云宗太上长老,冷酷无情玖健
00:20:03.68,30092,落云宗太上长老,已经掌握幸福密码
00:20:03.68,30092,落云宗太上长老,彼岸烟花生
00:20:03.68,30092,落云宗太上长老,骨全冰心渡忘川ay
00:20:03.68,30092,落云宗太上长老,忘川lgwg冷月MCL17
00:20:03.68,30092,落云宗太上长老,青竹栗子糕
00:20:03.68,30092,落云宗太上长老,我靓仔你知国
00:20:03.68,30092,落云宗太上长老,以平凡之驱证不凡之路
00:20:03.68,30092,落云宗太上长老,A悠然远山暮A
00:20:03.68,30092,落云宗太上长老,Merscer
00:20:03.68,30092,落云宗太上长老,彼克大鹿王cA
00:20:03.68,30092,落云宗太上长老,故版心
00:20:03.68,30092,落云宗太上长老,mgwe离我远点我不
00:20:03.68,30092,落云宗太上长老,青竹轩里观飞雨
00:20:03.68,30092,落云宗太上长老,我就是想过来看看动漫
00:20:03.68,30092,落云宗太上长老,以天薯条驱证不之路
00:20:03.68,30092,落云宗太上长老,Blckbelly 音
00:20:03.68,30092,落云宗太上长老,鄱人因帅判无期
00:20:03.68,30092,落云宗太上长老,离屿lr我不
00:20:03.68,30092,落云宗太上长老,轻描淡艾文规飞丽
00:20:03.68,30092,落云宗太上长老,我觉得B站还是diao的
00:20:03.68,30092,落云宗太上长老,以主妃之名
00:20:03.68,30092,落云宗太上长老,baby布于
00:20:03.68,30092,落云宗太上长老,matelx
00:20:03.68,30092,落云宗太上长老,能加索开玩笑期
00:20:03.68,30092,落云宗太上长老,漓江边沥沥
00:20:03.68,30092,落云宗太上长老,轻易不敢轻易尝试
00:20:03.68,30092,落云宗太上长老,我可是小书童啊的
00:20:03.68,30092,落云宗太上长老,倚剑嫌酒少
00:20:03.68,30092,落云宗太上长老,MH今天当现充
00:20:03.68,30092,落云宗太上长老,哔哩吧啦飞吧
00:20:03.68,30092,落云宗太上长老,藜纶进游游
00:20:03.68,30092,落云宗太上长老,轻缘LightCircleL
00:20:03.68,30092,落云宗太上长老,我控萝莉的里蜗
00:20:03.68,30092,落云宗太上长老,叉乌在逃老汉儿
00:20:03.68,30092,落云宗太上长老,Baymax_呆呆
00:20:03.68,30092,落云宗太上长老,michael blast 
00:20:03.68,30092,落云宗太上长老,哔哩吧啦呦呦。
00:20:03.68,30092,落云宗太上长老,鲫鲫呆桌面C
00:20:03.68,30092,落云宗太上长老,我来bibibibi
00:20:03.68,30092,落云宗太上长老,亿纬锂行毛庆光
00:20:03.68,30092,落云宗太上长老,Bay-maxs大自
00:20:03.68,30092,落云宗太上长老,Mideteroast
00:20:03.68,30092,落云宗太上长老,能懂整确动
00:20:03.68,30092,落云宗太上长老,嶺晓雨网-
00:20:03.68,30092,落云宗太上长老,黎深的牛宝
00:20:03.68,30092,落云宗太上长老,清御果果面
00:20:03.68,30092,落云宗太上长老,我勒个大擦呦
00:20:03.68,30092,落云宗太上长老,BBBevan人口
00:20:03.68,30092,落云宗太上长老,哦喱喱哩哩哩
00:20:03.68,30092,落云宗太上长老,黎烁OV
00:20:03.68,30092,落云宗太上长老,清风_明月520
00:20:03.68,30092,落云宗太上长老,我麻了别理我
00:20:03.68,30092,落云宗太上长老,BBQ啵啵七
00:20:03.68,30092,落云宗太上长老,mikkoooo 
00:20:03.68,30092,落云宗太上长老,碧影芋芋哇哇
00:20:03.68,30092,落云宗太上长老,刮刮乐高手
00:20:03.68,30092,落云宗太上长老,清风海港20
00:20:03.68,30092,落云宗太上长老,我美妙的谎言
00:20:03.68,30092,落云宗太上长老,忆口南瓜饼
00:20:03.68,30092,落云宗太上长老,Bearcloud
00:20:03.68,30092,落云宗太上长老,mikochi-Yb
00:20:03.68,30092,落云宗太上长老,迈境韩立限
00:20:03.68,30092,落云宗太上长老,清寒kisrate
00:20:03.68,30092,落云宗太上长老,我们要在一起一辈子嘛
00:20:03.68,30092,落云宗太上长老,忆雨晨邪讲
00:20:03.68,30092,落云宗太上长老,Bearcuttie
00:20:03.68,30092,落云宗太上长老,miles music
00:20:03.68,30092,落云宗太上长老,边路少年
00:20:03.68,30092,落云宗太上长老,关美一号一
00:20:03.68,30092,落云宗太上长老,二李疯学
00:20:03.68,30092,落云宗太上长老,清凉的月15
00:20:03.68,30092,落云宗太上长老,我名字你有在偷偷看要
00:20:03.68,30092,落云宗太上长老,Beyonder666
00:20:03.68,30092,落云宗太上长老,Milefiorese 
00:20:03.68,30092,落云宗太上长老,吴山南越、
00:20:03.68,30092,落云宗太上长老,李老师老公
00:20:03.68,30092,落云宗太上长老,清明上河图xm
00:20:03.68,30092,落云宗太上长老,我世凡空有在前前省会
00:20:03.68,30092,落云宗太上长老,bibibjidgh c
00:20:03.68,30092,落云宗太上长老,烹沐雨橙风然
00:20:03.68,30092,落云宗太上长老,李念大长老
00:20:03.68,30092,落云宗太上长老,清夏支欢图究
00:20:03.68,30092,落云宗太上长老,我是不是该改个名字了
00:20:07.36,30184,落云宗太上长老,bibibijidgh nie
00:20:07.36,30184,落云宗太上长老,土营李念大长老
00:20:07.36,30184,落云宗太上长老,清夏又欢车络相用
00:20:07.36,30184,落云宗太上长老,我是不是该改个名字了
00:20:07.36,30184,落云宗太上长老,big Apple pies
00:20:07.36,30184,落云宗太上长老,Mingzzkiss
00:20:07.36,30184,落云宗太上长老,管饱亦挑逗味蕾
00:20:07.36,30184,落云宗太上长老,情为何物是有缘相见
00:20:07.36,30184,落云宗太上长老,bll 10153434011
00:20:07.36,30184,落云宗太上长老,minipzl o
00:20:07.36,30184,落云宗太上长老,别NA我奶瓶QAQ
00:20:07.36,30184,落云宗太上长老,光_就是一切的意义
00:20:07.36,30184,落云宗太上长老,的意义李太白的小破
00:20:07.36,30184,落云宗太上长老,请叫我LBT
00:20:07.36,30184,落云宗太上长老,我是大笨比qag
00:20:07.36,30184,落云宗太上长老,异次元宇少爷
00:20:07.36,30184,落云宗太上长老,bll 12681354407
00:20:07.36,30184,落云宗太上长老,Minner Qing
00:20:07.36,30184,落云宗太上长老,别卷了想躺平
00:20:07.36,30184,落云宗太上长老,光母耀斑
00:20:07.36,30184,落云宗太上长老,我是飛揚啊
00:20:07.36,30184,落云宗太上长老,异楼昨夜听雨
00:20:07.36,30184,落云宗太上长老,bll 14821127218
00:20:07.36,30184,落云宗太上长老,Miss王先生
00:20:07.36,30184,落云宗太上长老,别理胖虎
00:20:07.36,30184,落云宗太上长老,光阴之河
00:20:07.36,30184,落云宗太上长老,李欣雨是大胖
00:20:07.36,30184,落云宗太上长老,请叫我纯爱战士
00:20:07.36,30184,落云宗太上长老,我是个小呵呵。
00:20:07.36,30184,落云宗太上长老,邑giegie
00:20:07.36,30184,落云宗太上长老,bll 15384885031
00:20:07.36,30184,落云宗太上长老,Mitesoro-
00:20:07.36,30184,落云宗太上长老,别明渡
00:20:07.36,30184,落云宗太上长老,光之锯人艾斯尼菜
00:20:07.36,30184,落云宗太上长老,新尼菜李有弥
00:20:07.36,30184,落云宗太上长老,请叫我崔先生
00:20:07.36,30184,落云宗太上长老,我是俊俊啦啦啦0
00:20:07.36,30184,落云宗太上长老,易家烊
00:20:07.36,30184,落云宗太上长老,bll 15800618473
00:20:07.36,30184,落云宗太上长老,miupas
00:20:07.36,30184,落云宗太上长老,别想从我手中抢走硬市
00:20:07.36,30184,落云宗太上长老,硬市光锥之外的次元口
00:20:07.36,30184,落云宗太上长老,次元口袋　里慕里慕禹
00:20:07.36,30184,落云宗太上长老,请叫我甲大、
00:20:07.36,30184,落云宗太上长老,我是来学画画的小
00:20:07.36,30184,落云宗太上长老,易只毛猴
00:20:07.36,30184,落云宗太上长老,bll 15922881431
00:20:07.36,30184,落云宗太上长老,ml一只小蛾子 
00:20:07.36,30184,落云宗太上长老,彬彬有礼了
00:20:07.36,30184,落云宗太上长老,七广雨风#利。
00:20:07.36,30184,落云宗太上长老,小黑予里予里子
00:20:07.36,30184,落云宗太上长老,请你自重施主孩
00:20:07.36,30184,落云宗太上长老,我是没有名字的小孩
00:20:07.36,30184,落云宗太上长老,易只小黑
00:20:07.36,30184,落云宗太上长老,bll16407250690
00:20:07.36,30184,落云宗太上长老,莫失莫忘
00:20:07.36,30184,落云宗太上长老,归刃の葛利姆乔
00:20:07.36,30184,落云宗太上长老,母乔鲤小鱼
00:20:07.36,30184,落云宗太上长老,请我输入新昵称
00:20:07.36,30184,落云宗太上长老,我是你二锅
00:20:07.36,30184,落云宗太上长老,意晨曦u
00:20:07.36,30184,落云宗太上长老,bll 17741905452
00:20:07.36,30184,落云宗太上长老,mM梦想Mm
00:20:07.36,30184,落云宗太上长老,归心宗五老五
00:20:07.36,30184,落云宗太上长老,我是拖来的时的
00:20:07.36,30184,落云宗太上长老,意中人Lolita
00:20:07.36,30184,落云宗太上长老,bll 17781677619
00:20:07.36,30184,落云宗太上长老,MM生生不息　
00:20:07.36,30184,落云宗太上长老,我是三个小时的
00:20:07.36,30184,落云宗太上长老,bll18117350408
00:20:07.36,30184,落云宗太上长老,飞雨记人
00:20:07.36,30184,落云宗太上长老,我是张厉害
00:20:07.36,30184,落云宗太上长老,吟歌鲛绡泪沾尘
00:20:07.36,30184,落云宗太上长老,bll18121731235
00:20:07.36,30184,落云宗太上长老,moirapain
00:20:07.36,30184,落云宗太上长老,冰晶石的泪
00:20:07.36,30184,落云宗太上长老,产律批发金雷
00:20:07.36,30184,落云宗太上长老,银春大力士-凑笔
00:20:07.36,30184,落云宗太上长老,bll 20648545071
00:20:07.36,30184,落云宗太上长老,momo_lulu
00:20:07.36,30184,落云宗太上长老,桂馥兰馨→
00:20:07.36,30184,落云宗太上长老,我想带你去飞行i
00:20:07.36,30184,落云宗太上长老,银色诺克
00:20:07.36,30184,落云宗太上长老,bll 20797890067
00:20:07.36,30184,落云宗太上长老,momomap.
00:20:07.36,30184,落云宗太上长老,冰天雪葬青姬琳
00:20:07.36,30184,落云宗太上长老,！微笑！…
00:20:07.36,30184,落云宗太上长老,荔枝儿甜呀
00:20:07.36,30184,落云宗太上长老,我想-回家一住地
00:20:07.36,30184,落云宗太上长老,bll 21634430444
00:20:07.36,30184,落云宗太上长老,MoNSTeR小寒，
00:20:07.36,30184,落云宗太上长老,冰镇茉莉清茶
00:20:07.36,30184,落云宗太上长老,FLIPPED
00:20:07.36,30184,落云宗太上长老,荔枝是个男孩
00:20:07.36,30184,落云宗太上长老,我想截图留住她
00:20:07.36,30184,落云宗太上长老,银鱼辣酱K
00:20:07.36,30184,落云宗太上长老,bll 21737481226
00:20:07.36,30184,落云宗太上长老,moodstrikerdd.-
00:20:07.36,30184,落云宗太上长老,栗栗子的掌天
00:20:07.36,30184,落云宗太上长老,秋1230元房#用
00:20:07.36,30184,落云宗太上长老,我小弟硬椰
00:20:07.36,30184,落云宗太上长老,bll 22166800230
00:20:07.36,30184,落云宗太上长老,Morpheus777777
00:20:07.36,30184,落云宗太上长老,！超人不会肥！
00:20:07.36,30184,落云宗太上长老,秋风悲画扇素醉卧云颠
00:20:07.36,30184,落云宗太上长老,billi22715050277
00:20:07.36,30184,落云宗太上长老,MorrisMorrison
00:20:07.36,30184,落云宗太上长老,波比是只臭屁狗
00:20:07.36,30184,落云宗太上长老,产，脸黑没钱肝不
00:20:07.36,30184,落云宗太上长老,秋林气宇轩昂
00:20:07.36,30184,落云宗太上长老,我鑫美如画十的享送
00:20:07.36,30184,落云宗太上长老,隐藏的中三
00:20:07.36,30184,落云宗太上长老,bll 23311054722
00:20:07.36,30184,落云宗太上长老,moshifu要摆烂了
00:20:07.36,30184,落云宗太上长老,波波要上岸
00:20:07.36,30184,落云宗太上长老,！请你别太得意！
00:20:07.36,30184,落云宗太上长老,秋名山车神渊柒
00:20:07.36,30184,落云宗太上长老,我要成为强力的哀木涕
00:20:07.36,30184,落云宗太上长老,Bll 23836248 17
00:20:07.36,30184,落云宗太上长老,Moto_killer 
00:20:07.36,30184,落云宗太上长老,啵啵啵啵wyb
00:20:07.36,30184,落云宗太上长老,恋peach乌龙
00:20:07.36,30184,落云宗太上长老,我也是活能杆
00:20:07.36,30184,落云宗太上长老,胤英利的价
00:20:07.36,30184,落云宗太上长老,bll 23859476116 
00:20:07.36,30184,落云宗太上长老,Moximoxi-Momo
00:20:07.36,30184,落云宗太上长老,啵啵猪和小叮当
00:20:07.36,30184,落云宗太上长老,国士无双茜月月
00:20:07.36,30184,落云宗太上长老,月月凉姐姐和我击
00:20:07.36,30184,落云宗太上长老,秋秋秋秋秋迟晚
00:20:07.36,30184,落云宗太上长老,我一直很能打人用！
00:20:07.36,30184,落云宗太上长老,英梨梨的伦理君
00:20:07.36,30184,落云宗太上长老,bill 24107445091
00:20:07.36,30184,落云宗太上长老,Mr_Aquila神父君
00:20:07.36,30184,落云宗太上长老,果宝不能特供
00:20:07.36,30184,落云宗太上长老,秋秋楸树第
00:20:07.36,30184,落云宗太上长老,我一直就是那个男人。
00:20:07.36,30184,落云宗太上长老,英帕锐斯
00:20:07.36,30184,落云宗太上长老,bill 25316892591
00:20:07.36,30184,落云宗太上长老,Mr_Genough
00:20:07.36,30184,落云宗太上长老,菠萝-骑士
00:20:07.36,30184,落云宗太上长老,果啤鱼
00:20:07.36,30184,落云宗太上长老,两点就水饺
00:20:07.36,30184,落云宗太上长老,秋田最爱笑
00:20:07.36,30184,落云宗太上长老,我饮血一麻凉
00:20:07.36,30184,落云宗太上长老,bill 25543461852
00:20:07.36,30184,落云宗太上长老,博丽幻月
00:20:07.36,30184,落云宗太上长老,我永远爱志摩漂
00:20:07.36,30184,落云宗太上长老,萤火成##007
00:20:07.36,30184,落云宗太上长老,bill 26844886673
00:20:07.36,30184,落云宗太上长老,博雅大人的猫
00:20:07.36,30184,落云宗太上长老,过小车的痛
00:20:07.36,30184,落云宗太上长老,我在忙等会回复你
00:20:07.36,30184,落云宗太上长老,赢政吃花椒007
00:20:07.36,30184,落云宗太上长老,bill 27472147239
00:20:07.36,30184,落云宗太上长老,MTJJ_Peace
00:20:07.36,30184,落云宗太上长老,不爱吃辣的银时
00:20:07.36,30184,落云宗太上长老,哈哈哈2324567
00:20:07.36,30184,落云宗太上长老,567邻居家的小哥
00:20:07.36,30184,落云宗太上长老,求解药朝区帜区帜区
00:20:07.36,30184,落云宗太上长老,我长得有点微妙
00:20:07.36,30184,落云宗太上长老,bll 27680322592
00:20:07.36,30184,落云宗太上长老,不爱读书的Allen 感
00:20:07.36,30184,落云宗太上长老,哈哈哈我的梦。
00:20:07.36,30184,落云宗太上长老,梦林归雾里
00:20:07.36,30184,落云宗太上长老,区区区区区
00:20:07.36,30184,落云宗太上长老,我真的是教授
00:20:07.36,30184,落云宗太上长老,影子从风中来
00:20:07.36,30184,落云宗太上长老,bll 28099848023
00:20:07.36,30184,落云宗太上长老,Myfield柒玖
00:20:07.36,30184,落云宗太上长老,不爱睡觉猫猫
00:20:07.36,30184,落云宗太上长老,哈基米吃拼好饭
00:20:07.36,30184,落云宗太上长老,饭林克Link1992
00:20:07.36,30184,落云宗太上长老,曲面！批好甘苯林相位
00:20:07.36,30184,落云宗太上长老,我真的是乞巧
00:20:07.36,30184,落云宗太上长老,映昭雪
00:20:07.36,30184,落云宗太上长老,bll 29068668130
00:20:07.36,30184,落云宗太上长老,My千寻
00:20:07.36,30184,落云宗太上长老,不必了嘿
00:20:07.36,30184,落云宗太上长老,哈密瓜哗哩
00:20:07.36,30184,落云宗太上长老,林克家的咕咕
00:20:07.36,30184,落云宗太上长老,曲终人散场花落梦相依
00:20:07.36,30184,落云宗太上长老,硬币扑克般子
00:20:07.36,30184,落云宗太上长老,bll30357966217
00:20:07.36,30184,落云宗太上长老,屈阿伯致那发乱
00:20:07.36,30184,落云宗太上长老,乌鲁哆啦梦叶味
00:20:07.36,30184,落云宗太上长老,bil30751809830
00:20:07.36,30184,落云宗太上长老,不倒蛙
00:20:07.36,30184,落云宗太上长老,林野_official
00:20:07.36,30184,落云宗太上长老,取个昵称那么难取
00:20:07.36,30184,落云宗太上长老,乌索兰度哇哇哇
00:20:07.36,30184,落云宗太上长老,拥抱贩卖机
00:20:11.04,30276,落云宗太上长老,bilil316035619
00:20:11.04,30276,落云宗太上长老,nathan55_
00:20:11.04,30276,落云宗太上长老,不懂布莱克
00:20:11.04,30276,落云宗太上长老,取名有点难真的
00:20:11.04,30276,落云宗太上长老,bil 328997610719
00:20:11.04,30276,落云宗太上长老,nathilsword
00:20:11.04,30276,落云宗太上长老,不懂艺术的小鸟
00:20:11.04,30276,落云宗太上长老,林中迷路的鹿
00:20:11.04,30276,落云宗太上长老,永恒挚爱yzy
00:20:11.04,30276,落云宗太上长老,bll 33191449158
00:20:11.04,30276,落云宗太上长老,NCFsama
00:20:11.04,30276,落云宗太上长老,不懂阵法的宇如音
00:20:11.04,30276,落云宗太上长老,咳咳西兰花
00:20:11.04,30276,落云宗太上长老,林中一头好狼
00:20:11.04,30276,落云宗太上长老,去去去发现
00:20:11.04,30276,落云宗太上长老,鸣呼呼呼嗯
00:20:11.04,30276,落云宗太上长老,永世流传摇篮
00:20:11.04,30276,落云宗太上长老,bil 34674985998
00:20:11.04,30276,落云宗太上长老,不嘿七啦的
00:20:11.04,30276,落云宗太上长老,嗨乐游戏）
00:20:11.04,30276,落云宗太上长老,全国高考状元
00:20:11.04,30276,落云宗太上长老,无敌变态高
00:20:11.04,30276,落云宗太上长老,永远不分黎
00:20:11.04,30276,落云宗太上长老,bil 35170790245
00:20:11.04,30276,落云宗太上长老,Nearcucucheng
00:20:11.04,30276,落云宗太上长老,不会吧你不会破防了吧
00:20:11.04,30276,落云宗太上长老,了吧还没睡的吼起一
00:20:11.04,30276,落云宗太上长老,都之不恭HLM
00:20:11.04,30276,落云宗太上长老,无敌天帅bbbb
00:20:11.04,30276,落云宗太上长老,bil 35648672951
00:20:11.04,30276,落云宗太上长老,Neckarybh
00:20:11.04,30276,落云宗太上长老,不会飞的龙骑着会飞的
00:20:11.04,30276,落云宗太上长老,飞的猪夜是
00:20:11.04,30276,落云宗太上长老,临攀年华
00:20:11.04,30276,落云宗太上长老,无敌尿屁猪
00:20:11.04,30276,落云宗太上长老,bil 35866124054
00:20:11.04,30276,落云宗太上长老,未加糖围末雷者C
00:20:11.04,30276,落云宗太上长老,CH还是北斋适合国人
00:20:11.04,30276,落云宗太上长老,合国人，霖哒哟
00:20:11.04,30276,落云宗太上长老,无冬城之夜
00:20:11.04,30276,落云宗太上长老,优雅的氧化钙
00:20:11.04,30276,落云宗太上长老,biil 36084232300
00:20:11.04,30276,落云宗太上长老,neo提伯斯
00:20:11.04,30276,落云宗太上长老,不解意pro
00:20:11.04,30276,落云宗太上长老,还是太年轻异。
00:20:11.04,30276,落云宗太上长老,鼻小漂夏大魔王
00:20:11.04,30276,落云宗太上长老,无痕在风中
00:20:11.04,30276,落云宗太上长老,优_and
00:20:11.04,30276,落云宗太上长老,biil 37671433905
00:20:11.04,30276,落云宗太上长老,不良人-地爆天星
00:20:11.04,30276,落云宗太上长老,还有醒着的猫
00:20:11.04,30276,落云宗太上长老,苗灵风wi
00:20:11.04,30276,落云宗太上长老,冉再倾寒
00:20:11.04,30276,落云宗太上长老,无乐大魔王
00:20:11.04,30276,落云宗太上长老,呦乐玻
00:20:11.04,30276,落云宗太上长老,bilil 37724034914
00:20:11.04,30276,落云宗太上长老,neverlosemycool  
00:20:11.04,30276,落云宗太上长老,不善杀伐de厉飞雨
00:20:11.04,30276,落云宗太上长老,与还在嘴鹰的
00:20:11.04,30276,落云宗太上长老,冷然柒弦上
00:20:11.04,30276,落云宗太上长老,无良B站盗我号
00:20:11.04,30276,落云宗太上长老,幽灵泡泡糖
00:20:11.04,30276,落云宗太上长老,bil 39391880102
00:20:11.04,30276,落云宗太上长老,不善杀伐的韩立的
00:20:11.04,30276,落云宗太上长老,遥有種操作
00:20:11.04,30276,落云宗太上长老,凌波丽有毒
00:20:11.04,30276,落云宗太上长老,让柱道祖韩老魔
00:20:11.04,30276,落云宗太上长老,无聊的话茬
00:20:11.04,30276,落云宗太上长老,幽幽恶魔
00:20:11.04,30276,落云宗太上长老,bilil 39714455 2
00:20:11.04,30276,落云宗太上长老,Nic4aaaaa
00:20:11.04,30276,落云宗太上长老,不善杀伐韩劳模66
00:20:11.04,30276,落云宗太上长老,海风狂暴吹
00:20:11.04,30276,落云宗太上长老,热带企鹅吃鸽子
00:20:11.04,30276,落云宗太上长老,无聊的猫咪喵喵
00:20:11.04,30276,落云宗太上长老,幽幽芋泥丸
00:20:11.04,30276,落云宗太上长老,bli_ 42151401986
00:20:11.04,30276,落云宗太上长老,nice型666咸鱼队友 
00:20:11.04,30276,落云宗太上长老,不善言辞的假神算子
00:20:11.04,30276,落云宗太上长老,子海龟游啊游啊鸣啊
00:20:11.04,30276,落云宗太上长老,阿呜啊鸣凌晨早餐
00:20:11.04,30276,落云宗太上长老,幽幽、大白
00:20:11.04,30276,落云宗太上长老,bii_ 42270030211
00:20:11.04,30276,落云宗太上长老,Nick songk兰队义
00:20:11.04,30276,落云宗太上长老,未是爱情是桂并
00:20:11.04,30276,落云宗太上长老,广海客eric1
00:20:11.04,30276,落云宗太上长老,河凌患一
00:20:11.04,30276,落云宗太上长老,热湾XPEL的翊朗
00:20:11.04,30276,落云宗太上长老,无莫祁炀
00:20:11.04,30276,落云宗太上长老,悠扬西一
00:20:11.04,30276,落云宗太上长老,bll 42302862914
00:20:11.04,30276,落云宗太上长老,Nightcivet胖小狸
00:20:11.04,30276,落云宗太上长老,不是很渣的渣康
00:20:11.04,30276,落云宗太上长老,海绵饱饱ning
00:20:11.04,30276,落云宗太上长老,g凌云暮雨
00:20:11.04,30276,落云宗太上长老,无人好么回忆
00:20:11.04,30276,落云宗太上长老,悠悠浮生醉
00:20:11.04,30276,落云宗太上长老,bili 42420200347
00:20:11.04,30276,落云宗太上长老,Nikonbiubiubiu
00:20:11.04,30276,落云宗太上长老,禾停园管的温
00:20:11.04,30276,落云宗太上长老,海南彭于晏本晏
00:20:11.04,30276,落云宗太上长老,本晏陵巡驿
00:20:11.04,30276,落云宗太上长老,无唐芬达
00:20:11.04,30276,落云宗太上长老,bii 44284549126
00:20:11.04,30276,落云宗太上长老,不喜欢的不碰
00:20:11.04,30276,落云宗太上长老,海鸥之笙安体安
00:20:11.04,30276,落云宗太上长老,本安绫波丽97101
00:20:11.04,30276,落云宗太上长老,人族大乘氢原子
00:20:11.04,30276,落云宗太上长老,无望不可求
00:20:11.04,30276,落云宗太上长老,bii_ 44537968601
00:20:11.04,30276,落云宗太上长老,海人seaer
00:20:11.04,30276,落云宗太上长老,绫华的喵喵“
00:20:11.04,30276,落云宗太上长老,仁义无双朱坚强
00:20:11.04,30276,落云宗太上长老,无为县县长泉
00:20:11.04,30276,落云宗太上长老,bili_ 45000084280
00:20:11.04,30276,落云宗太上长老,不相信改名能中奖
00:20:11.04,30276,落云宗太上长老,bli 47463491383
00:20:11.04,30276,落云宗太上长老,noel脑壳疼
00:20:11.04,30276,落云宗太上长老,不泄露身份
00:20:11.04,30276,落云宗太上长老,海是倒の天
00:20:11.04,30276,落云宗太上长老,无牙老板
00:20:11.04,30276,落云宗太上长老,友好邻居实柏da
00:20:11.04,30276,落云宗太上长老,bli 48183810
00:20:11.04,30276,落云宗太上长老,不须浪饮丁都护《
00:20:11.04,30276,落云宗太上长老,日落会进入明天吗
00:20:11.04,30276,落云宗太上长老,无涯志士
00:20:11.04,30276,落云宗太上长老,友人Lang
00:20:11.04,30276,落云宗太上长老,bii_ 48846111673 
00:20:11.04,30276,落云宗太上长老,Nolannnnnnnnnz
00:20:11.04,30276,落云宗太上长老,不言诗酒
00:20:11.04,30276,落云宗太上长老,信海外散修房飞雨
00:20:11.04,30276,落云宗太上长老,飞雨雪伍贰伍
00:20:11.04,30276,落云宗太上长老,目暖易生倦”人
00:20:11.04,30276,落云宗太上长老,无一名氏
00:20:11.04,30276,落云宗太上长老,有狐、绥绥、
00:20:11.04,30276,落云宗太上长老,bili 49308838049
00:20:11.04,30276,落云宗太上长老,novemberleaves
00:20:11.04,30276,落云宗太上长老,不用想起因为不曾忘记
00:20:11.04,30276,落云宗太上长老,忘记海外散修宁
00:20:11.04,30276,落云宗太上长老,无知份子
00:20:11.04,30276,落云宗太上长老,有猫病
00:20:11.04,30276,落云宗太上长老,bil 49436676032
00:20:11.04,30276,落云宗太上长老,npersonal 
00:20:11.04,30276,落云宗太上长老,不在梦游的喵学自念比
00:20:11.04,30276,落云宗太上长老,比海靓
00:20:11.04,30276,落云宗太上长老,目子啊在
00:20:11.04,30276,落云宗太上长老,吴大帅12138
00:20:11.04,30276,落云宗太上长老,有事请我厉飞雨
00:20:11.04,30276,落云宗太上长老,bii_ 50211861 402 
00:20:11.04,30276,落云宗太上长老,不知道取什么昵称好阿
00:20:11.04,30276,落云宗太上长老,好阿 海哲Helz
00:20:11.04,30276,落云宗太上长老,荣宝爱吃肉
00:20:11.04,30276,落云宗太上长老,有思想的咸鱼123
00:20:11.04,30276,落云宗太上长老,bili~ 5285637
00:20:11.04,30276,落云宗太上长老,不值一提的小咸鱼
00:20:11.04,30276,落云宗太上长老,海之浪魔罗
00:20:11.04,30276,落云宗太上长老,肉鸽鸽独立游戏工作室
00:20:11.04,30276,落云宗太上长老,bili~ 54207539431
00:20:11.04,30276,落云宗太上长老,N六枚硬币NN
00:20:11.04,30276,落云宗太上长老,不做日常的成兰
00:20:11.04,30276,落云宗太上长老,憨憨吃饼
00:20:11.04,30276,落云宗太上长老,刘小旖和淘小
00:20:11.04,30276,落云宗太上长老,-肉球熠小仔·双土
00:20:11.04,30276,落云宗太上长老,吴小哥被占用
00:20:11.04,30276,落云宗太上长老,有座肉山
00:20:11.04,30276,落云宗太上长老,bil 54279063990
00:20:11.04,30276,落云宗太上长老,00知骤暖005
00:20:11.04,30276,落云宗太上长老,布丁炒鸡丁
00:20:11.04,30276,落云宗太上长老,憨憨-小羊羊
00:20:11.04,30276,落云宗太上长老,又是天南好景色
00:20:11.04,30276,落云宗太上长老,bili 54422516608
00:20:11.04,30276,落云宗太上长老,OCT+月OBER
00:20:11.04,30276,落云宗太上长老,刘庸于净义卫
00:20:11.04,30276,落云宗太上长老,肉馅馒頭
00:20:11.04,30276,落云宗太上长老,吾里兜兜
00:20:11.04,30276,落云宗太上长老,又炫又酷的汪酱、、
00:20:11.04,30276,落云宗太上长老,bili 54591177268
00:20:11.04,30276,落云宗太上长老,彩虹色的屁奥。
00:20:11.04,30276,落云宗太上长老,如果星星不在月亮身边
00:20:11.04,30276,落云宗太上长老,吾名Rizer
00:20:11.04,30276,落云宗太上长老,bili~55563623411
00:20:11.04,30276,落云宗太上长老,菜菜捞捞救救1201
00:20:11.04,30276,落云宗太上长老,流年榴莲牛奶
00:20:11.04,30276,落云宗太上长老,吾王黄泉
00:20:11.04,30276,落云宗太上长老,柚子吃桔子
00:20:11.04,30276,落云宗太上长老,bili 56021332285
00:20:11.04,30276,落云宗太上长老,蔡蔡小蔡蔡种
00:20:11.04,30276,落云宗太上长老,流年醉梦尘”
00:20:11.04,30276,落云宗太上长老,于是偕行“
00:20:14.72,30368,落云宗太上长老,bll 56021332285
00:20:14.72,30368,落云宗太上长老,蔡蔡小蔡蔡
00:20:14.72,30368,落云宗太上长老,寒鸦紫羽一迷油记
00:20:14.72,30368,落云宗太上长老,米油记流年醉梦尘
00:20:14.72,30368,落云宗太上长老,如见风花鸟
00:20:14.72,30368,落云宗太上长老,芜湖仙人掌、
00:20:14.72,30368,落云宗太上长老,于是借行油播
00:20:14.72,30368,落云宗太上长老,bill 590973223497
00:20:14.72,30368,落云宗太上长老,onetwothreeoooof
00:20:14.72,30368,落云宗太上长老,残酷の男子
00:20:14.72,30368,落云宗太上长老,韩老魔的一缕神识
00:20:14.72,30368,落云宗太上长老,娄神识流霜氏宿
00:20:14.72,30368,落云宗太上长老,如眼前飞鸟
00:20:14.72,30368,落云宗太上长老,梧桐言语新践十
00:20:14.72,30368,落云宗太上长老,余霜落无涯
00:20:14.72,30368,落云宗太上长老,bill-60669315221
00:20:14.72,30368,落云宗太上长老,onino1224h 
00:20:14.72,30368,落云宗太上长老,仓鼠肥轮
00:20:14.72,30368,落云宗太上长老,韩立表哥历飞雨动
00:20:14.72,30368,落云宗太上长老,汝只属于善
00:20:14.72,30368,落云宗太上长老,無霸主龙载人
00:20:14.72,30368,落云宗太上长老,bill 63724181236
00:20:14.72,30368,落云宗太上长老,onionsknight
00:20:14.72,30368,落云宗太上长老,沧海飞尘CC
00:20:14.72,30368,落云宗太上长老,韩立赐我减肥的动
00:20:14.72,30368,落云宗太上长老,巴的动力童金River
00:20:14.72,30368,落云宗太上长老,软吃胖+不
00:20:14.72,30368,落云宗太上长老,無浪之风29123
00:20:14.72,30368,落云宗太上长老,余音香
00:20:14.72,30368,落云宗太上长老,bil 63736250081
00:20:14.72,30368,落云宗太上长老,onleem 
00:20:14.72,30368,落云宗太上长老,沧海皮皮鳗
00:20:14.72,30368,落云宗太上长老,韩立悄悄退后
00:20:14.72,30368,落云宗太上长老,柳悦令
00:20:14.72,30368,落云宗太上长老,软饭居士不语
00:20:14.72,30368,落云宗太上长老,又软糯大豚子馆
00:20:14.72,30368,落云宗太上长老,鱼和o美un
00:20:14.72,30368,落云宗太上长老,6ll 63777915745
00:20:14.72,30368,落云宗太上长老,沧澜君Caol
00:20:14.72,30368,落云宗太上长老,韩立射门封1-
00:20:14.72,30368,落云宗太上长老,软绵绵得软
00:20:14.72,30368,落云宗太上长老,五等分的赛马娘
00:20:14.72,30368,落云宗太上长老,鱼rosefun
00:20:14.72,30368,落云宗太上长老,bll 63821577155
00:20:14.72,30368,落云宗太上长老,OOOOOD
00:20:14.72,30368,落云宗太上长老,苍白之翼jacky
00:20:14.72,30368,落云宗太上长老,#韩立小迷妹1号
00:20:14.72,30368,落云宗太上长老,号六个决净
00:20:14.72,30368,落云宗太上长老,五点泰修分者
00:20:14.72,30368,落云宗太上长老,鱼香果Rosel
00:20:14.72,30368,落云宗太上长老,bll 64679586673
00:20:14.72,30368,落云宗太上长老,00冰泉.
00:20:14.72,30368,落云宗太上长老,苍大爷请饶命
00:20:14.72,30368,落云宗太上长老,韩立修仙中
00:20:14.72,30368,落云宗太上长老,小六根清净五
00:20:14.72,30368,落云宗太上长老,五灵粮修仙者
00:20:14.72,30368,落云宗太上长老,鱼想遇见熊
00:20:14.72,30368,落云宗太上长老,bll 65290464633
00:20:14.72,30368,落云宗太上长老,Optimuszhai 
00:20:14.72,30368,落云宗太上长老,韩栗的甜可乐跑一
00:20:14.72,30368,落云宗太上长老,乐购一六会发光
00:20:14.72,30368,落云宗太上长老,润兰#7
00:20:14.72,30368,落云宗太上长老,渔柒柒果
00:20:14.72,30368,落云宗太上长老,bll 67287609459
00:20:14.72,30368,落云宗太上长老,韩跑跑别给我跑了
00:20:14.72,30368,落云宗太上长老,我跑了六五黄裳元吉
00:20:14.72,30368,落云宗太上长老,五似个蜀委化
00:20:14.72,30368,落云宗太上长老,bll 67355797604
00:20:14.72,30368,落云宗太上长老,ordinarystoic
00:20:14.72,30368,落云宗太上长老,苍龙handsome
00:20:14.72,30368,落云宗太上长老,韩跑跑跑什么跑
00:20:14.72,30368,落云宗太上长老,么跑一六月的沙
00:20:14.72,30368,落云宗太上长老,五月病己恶化
00:20:14.72,30368,落云宗太上长老,与寻要益达
00:20:14.72,30368,落云宗太上长老,bll1 67380056685
00:20:14.72,30368,落云宗太上长老,苍绿纸莺花花
00:20:14.72,30368,落云宗太上长老,撒是一路小英推
00:20:14.72,30368,落云宗太上长老,与长风中十燥炸
00:20:14.72,30368,落云宗太上长老,bll169306896424
00:20:14.72,30368,落云宗太上长老,outcastQ
00:20:14.72,30368,落云宗太上长老,苍盐海小花花
00:20:14.72,30368,落云宗太上长老,韩水山LaLaLa
00:20:14.72,30368,落云宗太上长老,La龙虾酱lobste
00:20:14.72,30368,落云宗太上长老,酒下一路小英雄
00:20:14.72,30368,落云宗太上长老,宇宇宇雷大爆炸
00:20:14.72,30368,落云宗太上长老,bll 701989955727
00:20:14.72,30368,落云宗太上长老,韩天尊1001
00:20:14.72,30368,落云宗太上长老,塞尔吉啸一块线
00:20:14.72,30368,落云宗太上长老,宇宙帅锅教教主
00:20:14.72,30368,落云宗太上长老,bll 7048154713
00:20:14.72,30368,落云宗太上长老,三个烤地瓜一块钱
00:20:14.72,30368,落云宗太上长老,宇宙主豆教教生
00:20:14.72,30368,落云宗太上长老,bll 71713861554
00:20:14.72,30368,落云宗太上长老,藏剑人叶英
00:20:14.72,30368,落云宗太上长老,三好安先森
00:20:14.72,30368,落云宗太上长老,宇无敌Saki酱
00:20:14.72,30368,落云宗太上长老,bll 71723178569
00:20:14.72,30368,落云宗太上长老,Paranoia93
00:20:14.72,30368,落云宗太上长老,藏在窝里的燕子
00:20:14.72,30368,落云宗太上长老,汉志_TaNa
00:20:14.72,30368,落云宗太上长老,宇最nbire
00:20:14.72,30368,落云宗太上长老,bill 73205245321
00:20:14.72,30368,落云宗太上长老,PchyxCkne
00:20:14.72,30368,落云宗太上长老,芦羿鹏嘟嘟
00:20:14.72,30368,落云宗太上长老,三笠甜茶
00:20:14.72,30368,落云宗太上长老,羽真权chiro
00:20:14.72,30368,落云宗太上长老,bll 73401895160
00:20:14.72,30368,落云宗太上长老,Pero大聪明
00:20:14.72,30368,落云宗太上长老,草根儿毛甜
00:20:14.72,30368,落云宗太上长老,卤蛋1号嘟嘟号
00:20:14.72,30368,落云宗太上长老,三猫统师
00:20:14.72,30368,落云宗太上长老,雾影之场
00:20:14.72,30368,落云宗太上长老,雨落枫萧
00:20:14.72,30368,落云宗太上长老,bll 74080662510 
00:20:14.72,30368,落云宗太上长老,personai曾
00:20:14.72,30368,落云宗太上长老,草莓和露琪亚A
00:20:14.72,30368,落云宗太上长老,A骆猛猬高系
00:20:14.72,30368,落云宗太上长老,鲁特jo太郎
00:20:14.72,30368,落云宗太上长老,多阳2017
00:20:14.72,30368,落云宗太上长老,雨落回响
00:20:14.72,30368,落云宗太上长老,bll 74697313734
00:20:14.72,30368,落云宗太上长老,petr-pn
00:20:14.72,30368,落云宗太上长老,策马修仙西包
00:20:14.72,30368,落云宗太上长老,陆哩哩LiiAn
00:20:14.72,30368,落云宗太上长老,零
00:20:14.72,30368,落云宗太上长老,多阳套裤子
00:20:14.72,30368,落云宗太上长老,雨落情升
00:20:14.72,30368,落云宗太上长老,bil 74832683026
00:20:14.72,30368,落云宗太上长老,pgh628
00:20:14.72,30368,落云宗太上长老,叉烧包不要包一
00:20:14.72,30368,落云宗太上长老,陆任6000
00:20:14.72,30368,落云宗太上长老,三色丰告一
00:20:14.72,30368,落云宗太上长老,吸氧长大来店
00:20:14.72,30368,落云宗太上长老,雨农石顺
00:20:14.72,30368,落云宗太上长老,bill 75885155799
00:20:14.72,30368,落云宗太上长老,pisceslw
00:20:14.72,30368,落云宗太上长老,好叭然后呐
00:20:14.72,30368,落云宗太上长老,陆仁甲96
00:20:14.72,30368,落云宗太上长老,三色治阿羊
00:20:14.72,30368,落云宗太上长老,西瓜爱糯米瓜
00:20:14.72,30368,落云宗太上长老,bill 76268429034
00:20:14.72,30368,落云宗太上长老,Piscsecc 
00:20:14.72,30368,落云宗太上长老,茶砂糖汉老吉
00:20:14.72,30368,落云宗太上长老,好大个显眼包
00:20:14.72,30368,落云宗太上长老,包陆若山方高
00:20:14.72,30368,落云宗太上长老,三战的阿表
00:20:14.72,30368,落云宗太上长老,西瓜瓜的冬瓜
00:20:14.72,30368,落云宗太上长老,玉龙您然中
00:20:14.72,30368,落云宗太上长老,bll 76480421252
00:20:14.72,30368,落云宗太上长老,pleckem 
00:20:14.72,30368,落云宗太上长老,茶馆里的汉考克
00:20:14.72,30368,落云宗太上长老,好坏蛋up
00:20:14.72,30368,落云宗太上长老,陆月我要做欧
00:20:14.72,30368,落云宗太上长老,三战丨韩立
00:20:14.72,30368,落云宗太上长老,西瓜丨蛋汤花
00:20:14.72,30368,落云宗太上长老,玉面小白虫、
00:20:14.72,30368,落云宗太上长老,bil 76663292023
00:20:14.72,30368,落云宗太上长老,Pluto  
00:20:14.72,30368,落云宗太上长老,好想学会第五
00:20:14.72,30368,落云宗太上长老,
00:20:14.72,30368,落云宗太上长老,西瓜井什幺花
00:20:14.72,30368,落云宗太上长老,bll1 78966721898 3
00:20:14.72,30368,落云宗太上长老,Poindexter 
00:20:14.72,30368,落云宗太上长老,差点忘记bb
00:20:14.72,30368,落云宗太上长老,1好妖怪07下来
00:20:14.72,30368,落云宗太上长老,下来鹿丸Shika
00:20:14.72,30368,落云宗太上长老,散人胖次两八家
00:20:14.72,30368,落云宗太上长老,西瓜味の柠檬
00:20:14.72,30368,落云宗太上长老,bll 78015728148
00:20:14.72,30368,落云宗太上长老,柴柴Five7
00:20:14.72,30368,落云宗太上长老,好运来不停下来
00:20:14.72,30368,落云宗太上长老,下来路陌无痕将奖
00:20:14.72,30368,落云宗太上长老,西海普辅导员
00:20:14.72,30368,落云宗太上长老,峪冬立雪
00:20:14.72,30368,落云宗太上长老,bll 78225523326
00:20:14.72,30368,落云宗太上长老,poiuyt12372N
00:20:14.72,30368,落云宗太上长老,超爱金毛啊
00:20:14.72,30368,落云宗太上长老,好！
00:20:14.72,30368,落云宗太上长老,路易斯酱酱酱
00:20:14.72,30368,落云宗太上长老,鲨鱼辣椒30
00:20:14.72,30368,落云宗太上长老,西不蓝卡：
00:20:14.72,30368,落云宗太上长老,欲求要哥hlw
00:20:14.72,30368,落云宗太上长老,bll 79192551506
00:20:14.72,30368,落云宗太上长老,PopeMr777
00:20:14.72,30368,落云宗太上长老,超爱小夯货
00:20:14.72,30368,落云宗太上长老,昊天金阙帝
00:20:14.72,30368,落云宗太上长老,裁鬼笑止
00:20:14.72,30368,落云宗太上长老,傻肥螺丝、
00:20:14.72,30368,落云宗太上长老,西陵妃最龙spow
00:20:14.72,30368,落云宗太上长老,御弟哥哥blwy
00:20:14.72,30368,落云宗太上长老,bil 80755327816
00:20:14.72,30368,落云宗太上长老,pop啊盛
00:20:14.72,30368,落云宗太上长老,超超动漫
00:20:14.72,30368,落云宗太上长老,傻阳GnAy.
00:20:14.72,30368,落云宗太上长老,西南暴暴龙snow
00:20:18.40,30460,落云宗太上长老,bili 81811491488
00:20:18.40,30460,落云宗太上长老,pseam
00:20:18.40,30460,落云宗太上长老,超凡频道
00:20:18.40,30460,落云宗太上长老,璐璐璐璐总
00:20:18.40,30460,落云宗太上长老,山南傻不拉叽　
00:20:18.40,30460,落云宗太上长老,bili81864901898
00:20:18.40,30460,落云宗太上长老,QAQz
00:20:18.40,30460,落云宗太上长老,呵呵葡萄
00:20:18.40,30460,落云宗太上长老,露总爱爱爱
00:20:18.40,30460,落云宗太上长老,山坡上的小心心
00:20:18.40,30460,落云宗太上长老,西西lei了
00:20:18.40,30460,落云宗太上长老,御姐赛高saiko
00:20:18.40,30460,落云宗太上长老,bli 82788359430
00:20:18.40,30460,落云宗太上长老,QingQ捏捏
00:20:18.40,30460,落云宗太上长老,超级高校的上单瑞雯
00:20:18.40,30460,落云宗太上长老,雯喝不喝黑加仑
00:20:18.40,30460,落云宗太上长老,西西里男科李主任）
00:20:18.40,30460,落云宗太上长老,御宅隐的隐
00:20:18.40,30460,落云宗太上长老,bili 83128938333
00:20:18.40,30460,落云宗太上长老,Qskeeter
00:20:18.40,30460,落云宗太上长老,超级花鸪酿、
00:20:18.40,30460,落云宗太上长老,绿耗子舔猫鼻
00:20:18.40,30460,落云宗太上长老,山吾石武
00:20:18.40,30460,落云宗太上长老,西西霉）
00:20:18.40,30460,落云宗太上长老,bii 84894554482
00:20:18.40,30460,落云宗太上长老,Quantum林
00:20:18.40,30460,落云宗太上长老,超级小57
00:20:18.40,30460,落云宗太上长老,禾乃就一个字
00:20:18.40,30460,落云宗太上长老,字绿杉路人在马
00:20:18.40,30460,落云宗太上长老,闪电的传承
00:20:18.40,30460,落云宗太上长老,bl 87598595920
00:20:18.40,30460,落云宗太上长老,超努力的屯屯鼠
00:20:18.40,30460,落云宗太上长老,绿藻头318
00:20:18.40,30460,落云宗太上长老,场璃璃磅
00:20:18.40,30460,落云宗太上长老,原来是雪妍啊
00:20:18.40,30460,落云宗太上长老,bil 9044232415
00:20:18.40,30460,落云宗太上长老,Quincy浮晖
00:20:18.40,30460,落云宗太上长老,超甜的肥桃
00:20:18.40,30460,落云宗太上长老,何必执着现实
00:20:18.40,30460,落云宗太上长老,实．略略复略略略
00:20:18.40,30460,落云宗太上长老,磅月浮尘
00:20:18.40,30460,落云宗太上长老,西子秋心
00:20:18.40,30460,落云宗太上长老,原来是巡山 
00:20:18.40,30460,落云宗太上长老,bili 91034407217
00:20:18.40,30460,落云宗太上长老,超小超人
00:20:18.40,30460,落云宗太上长老,轩小罗罗诺亚奇衡
00:20:18.40,30460,落云宗太上长老,上山打老虎677
00:20:18.40,30460,落云宗太上长老,希里的骑士丶滦洛特
00:20:18.40,30460,落云宗太上长老,原野逐梦
00:20:18.40,30460,落云宗太上长老,bii 91762806586
00:20:18.40,30460,落云宗太上长老,超越18号
00:20:18.40,30460,落云宗太上长老,何小罡同学
00:20:18.40,30460,落云宗太上长老,罗喵了个咪，
00:20:18.40,30460,落云宗太上长老,上善若水-尘缘
00:20:18.40,30460,落云宗太上长老,稀奇客adamo
00:20:18.40,30460,落云宗太上长老,圆圆的二猫
00:20:18.40,30460,落云宗太上长老,bili 93019714271
00:20:18.40,30460,落云宗太上长老,q神sama
00:20:18.40,30460,落云宗太上长老,明罗萨个琳达
00:20:18.40,30460,落云宗太上长老,上世纪的可乐
00:20:18.40,30460,落云宗太上长老,bili 93380275968
00:20:18.40,30460,落云宗太上长老,RaidenOscar
00:20:18.40,30460,落云宗太上长老,潮汐岂在朝夕
00:20:18.40,30460,落云宗太上长老,何止生活让我低了
00:20:18.40,30460,落云宗太上长老,我低了头　罗斯福k
00:20:18.40,30460,落云宗太上长老,溪风家的二哈
00:20:18.40,30460,落云宗太上长老,bii 94160474606
00:20:18.40,30460,落云宗太上长老,Randy_055
00:20:18.40,30460,落云宗太上长老,炒鸡西瓜大王
00:20:18.40,30460,落云宗太上长老,，和气的小妖
00:20:18.40,30460,落云宗太上长老,洛辰ccc
00:20:18.40,30460,落云宗太上长老,上下左右旋转
00:20:18.40,30460,落云宗太上长老,远方仙人
00:20:18.40,30460,落云宗太上长老,bli_94555998
00:20:18.40,30460,落云宗太上长老,河南商丘散修-杨哲
00:20:18.40,30460,落云宗太上长老,修-杨哲洛某不善杀伐
00:20:18.40,30460,落云宗太上长老,烧死那只蘑菇精
00:20:18.40,30460,落云宗太上长老,远公子二
00:20:18.40,30460,落云宗太上长老,bili_ 94975900369
00:20:18.40,30460,落云宗太上长老,Reagan-
00:20:18.40,30460,落云宗太上长老,洛琪希教会教
00:20:18.40,30460,落云宗太上长老,溪溪妈妈556655
00:20:18.40,30460,落云宗太上长老,远山如昨1112
00:20:18.40,30460,落云宗太上长老,bli_ 96277268 
00:20:18.40,30460,落云宗太上长老,黑黑的乌鸦
00:20:18.40,30460,落云宗太上长老,骆驼泡温泉
00:20:18.40,30460,落云宗太上长老,远远的理想
00:20:18.40,30460,落云宗太上长老,bili 96975245845
00:20:18.40,30460,落云宗太上长老,况迷午睡的法兰
00:20:18.40,30460,落云宗太上长老,蛇皮利威尔
00:20:18.40,30460,落云宗太上长老,媛小星星呀
00:20:18.40,30460,落云宗太上长老,bili 98589745822
00:20:18.40,30460,落云宗太上长老,Ricardoxx
00:20:18.40,30460,落云宗太上长老,辰午xualwqy
00:20:18.40,30460,落云宗太上长老,黑长直即正义、
00:20:18.40,30460,落云宗太上长老,义、落花追忆蝴蝶
00:20:18.40,30460,落云宗太上长老,约得尔人的
00:20:18.40,30460,落云宗太上长老,bili_98725581955
00:20:18.40,30460,落云宗太上长老,Riosummer
00:20:18.40,30460,落云宗太上长老,黑子登顶之路
00:20:18.40,30460,落云宗太上长老,社恐的香蕉哥
00:20:18.40,30460,落云宗太上长老,洗衣机的miki
00:20:18.40,30460,落云宗太上长老,约德尔大一土
00:20:18.40,30460,落云宗太上长老,bili98872382891
00:20:18.40,30460,落云宗太上长老,谁都不好使
00:20:18.40,30460,落云宗太上长老,喜欢吃肉的棒兮月
00:20:18.40,30460,落云宗太上长老,约尔约尔约尔
00:20:18.40,30460,落云宗太上长老,bli 98972316996
00:20:18.40,30460,落云宗太上长老,落云宗刘道友
00:20:18.40,30460,落云宗太上长老,谁能拒绝一根直棍呢
00:20:18.40,30460,落云宗太上长老,喜欢着自己
00:20:18.40,30460,落云宗太上长老,bli 99161309399
00:20:18.40,30460,落云宗太上长老,RobinPp/
00:20:18.40,30460,落云宗太上长老,陈年米不煮饭
00:20:18.40,30460,落云宗太上长老,很不喜欢起名字
00:20:18.40,30460,落云宗太上长老,名字落云宗长老谭
00:20:18.40,30460,落云宗太上长老,谁陪我看夕照
00:20:18.40,30460,落云宗太上长老,喜糖爸爸
00:20:18.40,30460,落云宗太上长老,月光水手
00:20:18.40,30460,落云宗太上长老,bli 99411379714 
00:20:18.40,30460,落云宗太上长老,Roccocalvin
00:20:18.40,30460,落云宗太上长老,很急222
00:20:18.40,30460,落云宗太上长老,麻辣烫小老板
00:20:18.40,30460,落云宗太上长老,申请起飞中
00:20:18.40,30460,落云宗太上长老,月鸡不是咕咕鸡
00:20:18.40,30460,落云宗太上长老,bili_99833957658
00:20:18.40,30460,落云宗太上长老,Rococo陆眼
00:20:18.40,30460,落云宗太上长老,晨曦大厅总执事
00:20:18.40,30460,落云宗太上长老,麻辣香锅不要
00:20:18.40,30460,落云宗太上长老,身向曹营心在汉
00:20:18.40,30460,落云宗太上长老,月亮_不睡Rainco
00:20:18.40,30460,落云宗太上长老,bili99969094535
00:20:18.40,30460,落云宗太上长老,Rodma\HG
00:20:18.40,30460,落云宗太上长老,绅士派头贪肯奇
00:20:18.40,30460,落云宗太上长老,月亮or六硬市
00:20:18.40,30460,落云宗太上长老,rogerxwu
00:20:18.40,30460,落云宗太上长老,成都大老虎
00:20:18.40,30460,落云宗太上长老,红鼻子腿儿
00:20:18.40,30460,落云宗太上长老,-深度呼吸　
00:20:18.40,30460,落云宗太上长老,月亮穿靴子小
00:20:18.40,30460,落云宗太上长老,bii低调的奢华，　
00:20:18.40,30460,落云宗太上长老,Ro-ronaa
00:20:18.40,30460,落云宗太上长老,红橙先生
00:20:18.40,30460,落云宗太上长老,麻薯_面包
00:20:18.40,30460,落云宗太上长老,深海小鳕鱼
00:20:18.40,30460,落云宗太上长老,下班夺舍人
00:20:18.40,30460,落云宗太上长老,RrainnyuN
00:20:18.40,30460,落云宗太上长老,成长中的林
00:20:18.40,30460,落云宗太上长老,红狼大冒险”
00:20:18.40,30460,落云宗太上长老,深蓝与橘红树林
00:20:18.40,30460,落云宗太上长老,下雨和睡觉
00:20:18.40,30460,落云宗太上长老,月色沉沉周周
00:20:18.40,30460,落云宗太上长老,诚挚Z72
00:20:18.40,30460,落云宗太上长老,红领中特靠谱
00:20:18.40,30460,落云宗太上长老,普-马达马达达内
00:20:18.40,30460,落云宗太上长老,深夜里听到乐声
00:20:18.40,30460,落云宗太上长老,下雨天不要吃灌汤包
00:20:18.40,30460,落云宗太上长老,月上浅浅
00:20:18.40,30460,落云宗太上长老,bi卓越一号　
00:20:18.40,30460,落云宗太上长老,rx9900gp01 Xoa
00:20:18.40,30460,落云宗太上长老,马洛克福尔摩
00:20:18.40,30460,落云宗太上长老,Ryanzzw
00:20:18.40,30460,落云宗太上长老,乘舟牧鱼
00:20:18.40,30460,落云宗太上长老,红魔mun
00:20:18.40,30460,落云宗太上长老,深圳敬业刘工
00:20:18.40,30460,落云宗太上长老,夏季的飓风711
00:20:18.40,30460,落云宗太上长老,月下不懂柔情
00:20:18.40,30460,落云宗太上长老,biubiubiubiubiubiubit
00:20:18.40,30460,落云宗太上长老,红苹果泡泡
00:20:18.40,30460,落云宗太上长老,玛卡巴卡比卡
00:20:18.40,30460,落云宗太上长老,神啊-对我好点吧
00:20:18.40,30460,落云宗太上长老,夏祭影法师
00:20:18.40,30460,落云宗太上长老,月下影抚香”
00:20:18.40,30460,落云宗太上长老,black大人
00:20:18.40,30460,落云宗太上长老,橙子味的柒七，
00:20:18.40,30460,落云宗太上长老,玛玛西2020
