frame,g,col,name,score,status,t_start,t_end,ink_h
0,1,0,AAA金雷竹批发商熊宝,0.874,ok,1196.04,1200.08,0
0,1,2,白兰恐龙,0.769,ok,1196.04,1200.08,0
0,1,3,香异毛饭,0.528,pending,1196.04,1200.08,0
0,1,4,啦啦啦小张哥,0.856,ok,1196.04,1200.08,0
0,1,5,气运如鸿,0.667,low_conf,1196.04,1200.08,0
0,1,6,微の温柔我,0.681,low_conf,1196.04,1200.08,0
0,1,7,一脸荫B等,0.535,pending,1196.04,1200.08,0
0,2,0,AAA薯片批发王,0.828,ok,1196.16,1200.2,77
0,2,1,Lin先生啊啊啊　,0.838,ok,1196.16,1200.2,51
0,2,3,嘎嘎嘎嘎嘎嘎嘎嘎,0.734,low_conf,1196.16,1200.2,77
0,2,4,夏嘎嘎嘎！来打我呀…,0.815,ok,1196.16,1200.2,46
0,2,6,伪灵根散修网球人,0.837,ok,1196.16,1200.2,77
0,2,7,一脸惜逼的李小笼虫,0.807,ok,1196.16,1200.2,77
0,3,0,AaBbCcDdEeZzFf,0.851,ok,1196.28,1200.32,77
0,3,2,白日幻想家shaw,0.804,ok,1196.28,1200.32,77
0,3,3,嘎嘎嘎在这种,0.85,ok,1196.28,1200.32,77
0,3,5,掐死尼尔,0.779,ok,1196.28,1200.32,77
0,3,6,尾上世莉架√,0.758,ok,1196.28,1200.32,75
0,3,7,一路生花669911播,0.814,ok,1196.28,1200.32,76
0,4,0,AC.GOA,0.727,low_conf,1196.4,1200.44,77
0,4,1,Liszt李斯特  ,0.746,low_conf,1196.4,1200.44,77
0,4,2,自天有海风,0.754,ok,1196.4,1200.44,47
0,4,3,该用户未命名,0.843,ok,1196.4,1200.44,77
0,4,4,名　来一瓶津威,0.76,ok,1196.4,1200.44,77
0,4,6,委婉少年一,0.693,low_conf,1196.4,1200.44,44
0,4,7,一枚宝儿,0.793,ok,1196.4,1200.44,45
0,5,0,Acar新宇宙凛,0.811,ok,1196.51,1200.56,77
0,5,1,Little小火龙，,0.752,ok,1196.51,1200.56,77
0,5,2,白熊爱吃肉,0.807,ok,1196.51,1200.56,59
0,5,3,盖世喽喽喽雄Z,0.752,ok,1196.51,1200.56,48
0,5,4,来自三亚的老,0.8,ok,1196.51,1200.56,77
0,5,5,千杯酒千秋醉,0.757,ok,1196.51,1200.56,77
0,5,6,卫衣中的欧妮桑,0.864,ok,1196.51,1200.56,55
0,5,7,一米六出没,0.751,ok,1196.51,1200.56,56
0,6,0,ACergcy,0.863,ok,1196.63,1200.68,77
0,6,1,LiWeiAn0819,0.803,ok,1196.63,1200.68,77
0,6,4,（莱迪雅的盾牌,0.768,ok,1196.63,1200.68,77
0,6,5,千帆得很呀,0.77,ok,1196.63,1200.68,77
0,6,6,为爱发电619,0.803,ok,1196.63,1200.68,77
0,6,7,一米韶华,0.781,ok,1196.63,1200.68,46
0,7,0,Acomee,0.784,ok,1196.75,1200.8,77
0,7,1,Iizhi1273,0.815,ok,1196.75,1200.8,77
0,7,2,白羽小季一菱,0.558,pending,1196.75,1200.8,77
0,7,3,爱甘乐酱,0.631,low_conf,1196.75,1200.8,51
0,7,5,千钓四两,0.687,low_conf,1196.75,1200.8,77
0,7,6,为黑白的未来染色,0.85,ok,1196.75,1200.8,74
0,7,7,一米五八哦,0.759,ok,1196.75,1200.8,24
0,8,1,k是李凯,0.709,low_conf,1196.87,1200.91,77
0,8,2,白云宁雨,0.693,low_conf,1196.87,1200.91,48
0,8,3,甘氏啊业,0.706,low_conf,1196.87,1200.91,54
0,8,5,千畸摊高牙,0.726,low_conf,1196.87,1200.91,53
0,8,6,为啥不让叫赵梓骏,0.884,ok,1196.87,1200.91,44
0,9,2,百花缭乱瞬间,0.841,ok,1196.99,1201.03,27
0,9,3,肝肝肝某,0.714,low_conf,1196.99,1201.03,77
0,9,4,兰岭笑笑生,0.826,ok,1196.99,1201.03,77
0,9,5,千万别熬夜,0.792,ok,1196.99,1201.03,53
0,9,6,为什么不先选ad,0.843,ok,1196.99,1201.03,58
0,9,7,一屁崩散兄弟情,0.793,ok,1196.99,1201.03,53
0,10,1,LNL1I,0.588,pending,1197.11,1201.15,53
0,10,2,百醉干筋,0.675,low_conf,1197.11,1201.15,59
0,10,4,軒小岚某很菜,0.782,ok,1197.11,1201.15,77
0,10,5,千威手机维修,0.851,ok,1197.11,1201.15,77
0,10,6,未迟迟迟迟迟,0.708,low_conf,1197.11,1201.15,76
0,10,7,一片科儿，,0.663,low_conf,1197.11,1201.15,77
0,11,1,Londontown,0.854,ok,1197.23,1201.27,51
0,11,3,柑橘幽raining,0.895,ok,1197.23,1201.27,76
0,11,5,千玺家的，,0.789,ok,1197.23,1201.27,76
0,11,6,未及子手,0.727,low_conf,1197.23,1201.27,45
0,11,7,一起来撕比,0.797,ok,1197.23,1201.27,46
0,12,1,longer龙游,0.863,ok,1197.34,1201.39,48
0,12,2,般若一目连,0.747,low_conf,1197.34,1201.39,77
0,12,3,干草草2,0.729,low_conf,1197.34,1201.39,45
0,12,4,蓝白-GKB,0.843,ok,1197.34,1201.39,22
0,12,5,千与千寻z,0.713,low_conf,1197.34,1201.39,45
0,12,6,未完-待续ing,0.867,ok,1197.34,1201.39,22
0,12,7,一切皆可如愿,0.831,ok,1197.34,1201.39,60
0,13,2,半岛饭盒呀,0.833,ok,1197.46,1201.51,77
0,13,3,干坏事的都是我厉,0.854,ok,1197.46,1201.51,21
0,13,4,是我厉飞雨,0.782,ok,1197.46,1201.51,24
0,13,7,一生所爱-dong，,0.812,ok,1197.46,1201.51,77
0,14,1,LOUISEVERYWHERE ,0.919,ok,1197.58,1201.63,18
0,14,2,半价芹菜,0.796,ok,1197.58,1201.63,77
0,14,3,，于了这口鲜奶,0.774,ok,1197.58,1201.63,52
0,14,4,奶蓝猫淘气问三,0.786,ok,1197.58,1201.63,53
0,14,5,前女友是个胖子,0.839,ok,1197.58,1201.63,77
0,14,6,蔚蓝麓湖,0.79,ok,1197.58,1201.63,77
0,14,7,++--+---+--,0.592,pending,1197.58,1201.63,77
0,15,0,Akatsuki飘渺,0.88,ok,1197.7,1201.74,53
0,15,1,lo飞翔的猫ol ,0.815,ok,1197.7,1201.74,51
0,15,3,刚发挥咖啡店,0.836,ok,1197.7,1201.74,77
0,15,4,店蓝月辰枫,0.773,ok,1197.7,1201.74,77
0,15,5,乾字-百花缭乱,0.838,ok,1197.7,1201.74,77
0,16,1,LSureGX,0.862,ok,1197.82,1201.86,77
0,16,2,半糖小子、,0.806,ok,1197.82,1201.86,52
0,16,3,钢弹史莱姆地,0.771,ok,1197.82,1201.86,77
0,16,6,温酒待得佳人归,0.827,ok,1197.82,1201.86,77
0,17,1,Iti21362475_,0.762,ok,1197.94,1201.98,77
0,17,2,半只白斩鸡,0.811,ok,1197.94,1201.98,77
0,17,4,懒癌晚期患者,0.853,ok,1197.94,1201.98,77
0,17,6,温山先生,0.742,low_conf,1197.94,1201.98,77
0,18,0,akmace-a0,0.673,low_conf,1198.06,1202.1,77
0,18,1,LTNS好久不见,0.868,ok,1198.06,1202.1,77
0,19,0,alexander06232,0.928,ok,1198.18,1202.22,73
0,19,2,薄盐鳕鱼子iun,0.84,ok,1198.18,1202.22,77
0,19,3,高级晋江NPC,0.873,ok,1198.18,1202.22,77
0,19,6,温天仁123,0.83,ok,1198.18,1202.22,77
0,19,7,—下雨云就挂了,0.762,ok,1198.18,1202.22,77
0,20,0,AlexLiu1737,0.842,ok,1198.29,1202.34,42
0,20,1,LuckyNuggets,0.837,ok,1198.29,1202.34,52
0,20,2,宝宝汽水,0.791,ok,1198.29,1202.34,77
0,20,3,高浓度怡宝,0.708,low_conf,1198.29,1202.34,77
0,20,7,一小龍猫一,0.744,low_conf,1198.29,1202.34,77
0,21,0,Alexwonggxb,0.889,ok,1198.41,1202.46,22
0,21,1,lucky眼,0.776,ok,1198.41,1202.46,77
0,21,2,饱了不饱，,0.792,ok,1198.41,1202.46,77
0,21,4,烂仔要深情,0.831,ok,1198.41,1202.46,45
0,21,7,一笑奈何z9,0.683,low_conf,1198.41,1202.46,77
0,22,0,Algol不是鸽子，,0.851,ok,1198.53,1202.58,30
0,22,1,Lukedkl,0.735,low_conf,1198.53,1202.58,47
0,22,2,抱紧电话尧尧线,0.731,low_conf,1198.53,1202.58,77
0,22,6,文夜下,0.725,low_conf,1198.53,1202.58,45
0,22,7,一星天的海,0.785,ok,1198.53,1202.58,77
0,23,0,Aliez._ DX,0.677,low_conf,1198.65,1202.69,54
0,23,1,lululu滴哔哩,0.858,ok,1198.65,1202.69,57
0,23,2,暴动的小宇宙,0.841,ok,1198.65,1202.69,77
0,23,3,咯咯哒西妳,0.714,low_conf,1198.65,1202.69,77
0,23,4,朗哥嘿嘿嘿,0.825,ok,1198.65,1202.69,77
0,23,5,强壮的老白兔,0.825,ok,1198.65,1202.69,45
0,23,6,稳住我们能win,0.877,ok,1198.65,1202.69,56
0,23,7,一休哥的动感光波很不,0.83,ok,1198.65,1202.69,76
0,24,0,ALIVE-NO3,0.872,ok,1198.77,1202.81,77
0,24,1,lululu铭岳，,0.848,ok,1198.77,1202.81,77
0,24,2,暴力猫猫、有,0.684,low_conf,1198.77,1202.81,77
0,24,3,哥谭大蝙蝠,0.731,low_conf,1198.77,1202.81,77
0,24,6,问了吗统一口径,0.848,ok,1198.77,1202.81,44
0,24,7,一夜暴富的小包子,0.801,ok,1198.77,1202.81,45
0,25,0,allen秃头猫,0.832,ok,1198.89,1202.93,77
0,25,1,lunchdudbox,0.908,ok,1198.89,1202.93,77
0,25,2,暴躁的狗蛋儿,0.83,ok,1198.89,1202.93,77
0,25,3,鸽子的冥想,0.749,low_conf,1198.89,1202.93,77
0,25,4,浪浪金,0.748,low_conf,1198.89,1202.93,77
0,25,5,乔布斯家隔壁的大黄瓜,0.862,ok,1198.89,1202.93,24
0,25,6,翁法罗斯掏垃圾桶的神,0.905,ok,1198.89,1202.93,62
0,25,7,—雨中客一—,0.57,pending,1198.89,1202.93,54
0,26,0,Alloclee,0.711,low_conf,1199.01,1203.05,77
0,26,1,luxaasi ,0.821,ok,1199.01,1203.05,77
0,26,2,暴走章鱼哥1,0.785,ok,1199.01,1203.05,77
0,26,4,浪神浪得虚名,0.854,ok,1199.01,1203.05,77
0,26,5,乔治五世,0.737,low_conf,1199.01,1203.05,23
0,26,6,蜗出自我,0.796,ok,1199.01,1203.05,77
0,26,7,一支野の贤菌,0.748,low_conf,1199.01,1203.05,77
0,27,0,Alphakitty,0.848,ok,1199.12,1203.17,73
0,27,1,LVJeremy,0.865,ok,1199.12,1203.17,77
0,27,7,一直努力努力还努力,0.856,ok,1199.12,1203.17,77
0,28,0,Alter-Frozen,0.896,ok,1199.24,1203.29,43
0,28,2,卑部的七八九，,0.642,low_conf,1199.24,1203.29,77
0,28,5,巧遇paggy,0.805,ok,1199.24,1203.29,52
0,28,6,蜗牛小小麦,0.816,ok,1199.24,1203.29,77
0,28,7,一直硬邦邦　,0.699,low_conf,1199.24,1203.29,76
0,29,0,Always_ox0-m,0.7,low_conf,1199.36,1203.41,29
0,29,2,卑微铲屎官在线开机,0.851,ok,1199.36,1203.41,77
0,29,3,机隔壁老梦梦吖,0.857,ok,1199.36,1203.41,77
0,29,4,?老哥998,0.738,low_conf,1199.36,1203.41,48
0,29,6,我爱tgl，,0.818,ok,1199.36,1203.41,77
0,29,7,一只白鹤在飞。,0.714,low_conf,1199.36,1203.41,45
0,30,3,工藤新一机哇,0.798,ok,1199.48,1203.52,77
0,30,4,圭 老机长舒克,0.696,low_conf,1199.48,1203.52,55
0,30,5,且听我一言,0.818,ok,1199.48,1203.52,24
0,30,6,我-爱凡人修仙传,0.868,ok,1199.48,1203.52,77
0,30,7,一只吃猫的小鱼,0.835,ok,1199.48,1203.52,56
0,31,0,Anamnesis记忆,0.894,ok,1199.6,1203.64,21
0,31,1,LzYgGdDr X,0.789,ok,1199.6,1203.64,77
0,31,2,北大骚话王,0.81,ok,1199.6,1203.64,77
0,31,5,惬意翱翔,0.649,low_conf,1199.6,1203.64,22
0,31,6,我爱喝蠢牛奶女,0.719,low_conf,1199.6,1203.64,48
0,31,7,一只大橘喵呀　,0.724,low_conf,1199.6,1203.64,50
0,32,0,AndrewLok,0.824,ok,1199.72,1203.76,18
0,32,3,宫崎葵子,0.781,ok,1199.72,1203.76,77
0,32,4,老农的变形拖,0.845,ok,1199.72,1203.76,77
0,32,6,我爱寂寞,0.792,ok,1199.72,1203.76,23
0,32,7,一只剑老小,0.818,ok,1199.72,1203.76,21
0,33,0,Angelmayfall,0.864,ok,1199.84,1203.88,22
0,33,4,老朋友吴迪,0.83,ok,1199.84,1203.88,77
0,33,6,我爱千千呀,0.753,ok,1199.84,1203.88,30
0,33,7,一只-绝-爱-猫,0.831,ok,1199.84,1203.88,21
0,34,0,Answer_HAN,0.822,ok,1199.95,1204.0,20
0,34,3,恭迎韩天尊,0.794,ok,1199.95,1204.0,46
0,34,4,老清新菲利克,0.857,ok,1199.95,1204.0,64
0,34,6,我把你打败，。,0.744,low_conf,1199.95,1204.0,21
0,34,7,一只猫两只兔,0.828,ok,1199.95,1204.0,22
92,35,1,［我是个法师———,0.653,low_conf,1200.07,1204.12,69
92,35,2,北虞有条鱼摆摆,0.639,low_conf,1200.07,1204.12,77
92,35,4,老师我想逐帜,0.774,ok,1200.07,1204.12,77
92,35,5,琴酒余生,0.794,ok,1200.07,1204.12,62
92,35,6,我必须立刻马上开饭_℃,0.876,ok,1200.07,1204.12,45
92,35,7,只薯杂播,0.471,pending,1200.07,1204.12,62
92,36,0,Apingz22,0.662,low_conf,1200.19,1204.24,77
92,36,2,北桥小梨里摆摆,0.661,low_conf,1200.19,1204.24,63
92,36,3,狗熊岭被熊追,0.843,ok,1200.19,1204.24,69
92,36,4,自老试菜员了,0.797,ok,1200.19,1204.24,77
92,36,5,青絲华年,0.485,pending,1200.19,1204.24,26
92,36,6,我变成鸽子啦工开级二。,0.612,low_conf,1200.19,1204.24,75
92,36,7,一只小野朱,0.722,low_conf,1200.19,1204.24,40
92,37,2,贝壳and果果菠萝,0.832,ok,1200.31,1204.35,40
92,37,3,枸枸枸杞子造,0.595,pending,1200.31,1204.35,77
92,37,4,人老司机快发车,0.776,ok,1200.31,1204.35,77
92,37,5,青城小腊肉呀,0.832,ok,1200.31,1204.35,39
92,37,6,我不是灯谜,0.777,ok,1200.31,1204.35,77
92,37,7,—纸灰机木,0.703,low_conf,1200.31,1204.35,54
92,38,0,Arianrhodjisc,0.841,ok,1200.43,1204.47,41
92,38,1,maoyeanxin,0.767,ok,1200.43,1204.47,77
92,38,2,贝壳里有小小蔡多,0.653,low_conf,1200.43,1204.47,71
92,38,3,呱唧是只喵，（,0.719,low_conf,1200.43,1204.47,77
92,38,4,老坛自行车）,0.682,low_conf,1200.43,1204.47,77
92,38,5,青春猪头少年没烦恼,0.878,ok,1200.43,1204.47,70
92,38,6,我不是罗大帅啊,0.844,ok,1200.43,1204.47,77
92,38,7,伊安修机,0.701,low_conf,1200.43,1204.47,21
92,39,0,AriesHo02019,0.888,ok,1200.55,1204.59,72
92,39,1,Maple冷枫,0.77,ok,1200.55,1204.59,77
92,39,2,备用A小办,0.481,pending,1200.55,1204.59,64
92,39,3,咕咕子的杂货铺,0.856,ok,1200.55,1204.59,77
92,39,4,货铺老头们的快乐,0.85,ok,1200.55,1204.59,77
92,39,5,青风简响及质圆,0.359,pending,1200.55,1204.59,77
92,39,6,我擦勒99购,0.713,low_conf,1200.55,1204.59,58
92,39,7,伊村学术草履虫,0.869,ok,1200.55,1204.59,21
92,40,0,Asaki天人,0.723,low_conf,1200.67,1204.71,77
92,40,1,marciaying,0.759,ok,1200.67,1204.71,62
92,40,2,被看上的号,0.813,ok,1200.67,1204.71,38
92,40,3,咕噜咕噜绮贝理,0.635,low_conf,1200.67,1204.71,77
92,40,4,灵老秀头666,0.749,low_conf,1200.67,1204.71,77
92,40,5,青风初翊,0.55,pending,1200.67,1204.71,61
92,40,6,我車上有空調,0.713,low_conf,1200.67,1204.71,43
92,40,7,伊兰迪尔之剑”,0.704,low_conf,1200.67,1204.71,40
92,41,0,ashangar,0.875,ok,1200.78,1204.83,77
92,41,1,Marcos不会R,0.782,ok,1200.78,1204.83,43
92,41,2,被华果郁中的,0.602,low_conf,1200.78,1204.83,54
92,41,3,咕秋秋biubiu,0.879,ok,1200.78,1204.83,77
92,41,4,u老王家的好男,0.702,low_conf,1200.78,1204.83,77
92,41,5,青龙巷秀气的粗面,0.842,ok,1200.78,1204.83,42
92,41,6,我的人生就是一个过客,0.858,ok,1200.78,1204.83,73
92,41,7,医生你听我疫辩,0.802,ok,1200.78,1204.83,52
92,42,0,AsilencGoast,0.884,ok,1200.9,1204.95,58
92,42,1,MARKMAKA,0.826,ok,1200.9,1204.95,74
92,42,2,笨间季依籽的,0.395,pending,1200.9,1204.95,41
92,42,3,孤独的人偶君子。,0.76,ok,1200.9,1204.95,77
92,42,4,辛小乐布熊的好孕,0.574,pending,1200.9,1204.95,77
92,42,5,青弯离华的祖画,0.517,pending,1200.9,1204.95,73
92,42,6,我的心可来冷-Ib过者,0.643,low_conf,1200.9,1204.95,59
92,42,7,依然消遣我技计,0.658,low_conf,1200.9,1204.95,33
92,43,0,Asteroid Jay,0.863,ok,1201.02,1205.07,21
92,43,1,markrevenge,0.89,ok,1201.02,1205.07,63
92,43,2,本妹学不萌,0.407,pending,1201.02,1205.07,58
92,43,3,孤独的亚瑟摩根,0.798,ok,1201.02,1205.07,77
92,43,5,青养先生,0.702,low_conf,1201.02,1205.07,59
92,43,6,我对塔菲打首冲,0.862,ok,1201.02,1205.07,28
92,43,7,猜立来玄心,0.584,pending,1201.02,1205.07,40
92,44,0,Asuka_Rangure_,0.892,ok,1201.14,1205.19,23
92,44,1,martintin212e,0.874,ok,1201.14,1205.19,20
92,44,2,本人修仙法力无边,0.819,ok,1201.14,1205.19,38
92,44,3,孤独的张八九依,0.731,low_conf,1201.14,1205.19,77
92,44,4,根解历史地理,0.728,low_conf,1201.14,1205.19,22
92,44,5,青涩的回忆。,0.741,low_conf,1201.14,1205.19,39
92,44,6,我还吃虾仁牛,0.679,low_conf,1201.14,1205.19,41
92,44,7,壹柴术公心,0.552,pending,1201.14,1205.19,71
92,45,0,Auskaangae,0.713,low_conf,1201.26,1205.3,20
92,45,1,MarvelofGames,0.863,ok,1201.26,1205.3,19
92,45,2,笨蛋的小玺力无边,0.664,low_conf,1201.26,1205.3,68
92,45,3,孤山隐鹤八九,0.524,pending,1201.26,1205.3,77
92,45,4,-雷神剑因陀罗,0.754,ok,1201.26,1205.3,41
92,45,5,青山-不见我,0.605,low_conf,1201.26,1205.3,70
92,45,6,我好萌吖,0.786,ok,1201.26,1205.3,72
92,46,0,avbibibibi,0.897,ok,1201.38,1205.42,38
92,46,1,masitemGames,0.868,ok,1201.38,1205.42,21
92,46,2,几尖宝,0.417,pending,1201.38,1205.42,77
92,46,4,雷腾Rayten,0.773,ok,1201.38,1205.42,71
92,46,6,我回来了QQQ,0.841,ok,1201.38,1205.42,77
92,47,2,此巴卜飞起来,0.743,low_conf,1201.5,1205.54,77
92,47,3,「古德拉可oodluc,0.778,ok,1201.5,1205.54,77
92,47,4,odluck蕾娜、碎梦者,0.846,ok,1201.5,1205.54,77
92,47,6,我家有只小黑熊,0.861,ok,1201.5,1205.54,77
92,48,1,Maxsix666666,0.884,ok,1201.62,1205.66,69
92,48,2,比个哦润几,0.71,low_conf,1201.62,1205.66,77
92,48,3,舍凡林乡,0.412,pending,1201.62,1205.66,77
92,48,4,Clnck泪落羽筋多者,0.502,pending,1201.62,1205.66,77
92,48,5,青衫隐竹林道尊,0.854,ok,1201.62,1205.66,77
92,48,7,怡吉岭伶,0.349,pending,1201.62,1205.66,77
92,49,1,maxwel12311115,0.775,ok,1201.73,1205.78,77
92,49,3,古神的低语议会,0.845,ok,1201.73,1205.78,62
92,49,4,义会泪影世室,0.729,low_conf,1201.73,1205.78,77
92,49,5,青叶红叶休道等,0.589,pending,1201.73,1205.78,77
92,49,7,遗忘的江南,0.673,low_conf,1201.73,1205.78,77
92,50,0,aya味の吐槽日常,0.823,ok,1201.85,1205.9,62
92,50,1,Max马克斯,0.8,ok,1201.85,1205.9,77
92,50,2,比例哗啦啦啦啦,0.822,ok,1201.85,1205.9,77
92,50,3,舍月峰633议会,0.753,ok,1201.85,1205.9,22
92,50,4,文会楼会、工,0.448,pending,1201.85,1205.9,59
92,50,6,我叫郭宇航,0.822,ok,1201.85,1205.9,77
92,50,7,疑是星河人梦来,0.818,ok,1201.85,1205.9,77
92,51,0,A计划上午借口带,0.705,low_conf,1201.97,1206.02,24
92,51,1,Mcc901999,0.645,low_conf,1201.97,1206.02,77
92,51,2,彼岸的画药妞育,0.43,pending,1201.97,1206.02,77
92,51,4,冷酷的喷火龙,0.847,ok,1201.97,1206.02,23
92,51,7,己经是一只废碗了,0.799,ok,1201.97,1206.02,77
92,52,0,A今置别梦寒A,0.75,low_conf,1202.09,1206.13,28
92,52,1,merc,0.643,low_conf,1202.09,1206.13,77
92,52,3,股海厉飞雨,0.729,low_conf,1202.09,1206.13,70
92,52,4,冷酷无情玖健,0.851,ok,1202.09,1206.13,22
92,52,7,已经掌握幸福密码,0.804,ok,1202.09,1206.13,77
92,53,2,彼岸烟花生,0.593,pending,1202.21,1206.25,77
92,53,3,骨全冰心渡忘川ay,0.671,low_conf,1202.21,1206.25,77
92,53,4,忘川lgwg冷月MCL17,0.781,ok,1202.21,1206.25,22
92,53,5,青竹栗子糕,0.752,ok,1202.21,1206.25,77
92,53,6,我靓仔你知国,0.702,low_conf,1202.21,1206.25,77
92,53,7,以平凡之驱证不凡之路,0.836,ok,1202.21,1206.25,77
92,54,0,A悠然远山暮A,0.85,ok,1202.33,1206.37,70
92,54,1,Merscer,0.825,ok,1202.33,1206.37,77
92,54,2,彼克大鹿王cA,0.57,pending,1202.33,1206.37,77
92,54,3,故版心,0.426,pending,1202.33,1206.37,77
92,54,4,mgwe离我远点我不,0.685,low_conf,1202.33,1206.37,22
92,54,5,青竹轩里观飞雨,0.817,ok,1202.33,1206.37,62
92,54,6,我就是想过来看看动漫,0.859,ok,1202.33,1206.37,77
92,54,7,以天薯条驱证不之路,0.581,pending,1202.33,1206.37,77
92,55,0,Blckbelly 音,0.758,ok,1202.45,1206.49,77
92,55,2,鄱人因帅判无期,0.725,low_conf,1202.45,1206.49,77
92,55,4,离屿lr我不,0.68,low_conf,1202.45,1206.49,39
92,55,5,轻描淡艾文规飞丽,0.565,pending,1202.45,1206.49,26
92,55,6,我觉得B站还是diao的,0.879,ok,1202.45,1206.49,77
92,55,7,以主妃之名,0.713,low_conf,1202.45,1206.49,64
92,56,0,baby布于,0.721,low_conf,1202.56,1206.61,77
92,56,1,matelx,0.657,low_conf,1202.56,1206.61,77
92,56,2,能加索开玩笑期,0.641,low_conf,1202.56,1206.61,77
92,56,4,漓江边沥沥,0.785,ok,1202.56,1206.61,69
92,56,5,轻易不敢轻易尝试,0.832,ok,1202.56,1206.61,23
92,56,6,我可是小书童啊的,0.844,ok,1202.56,1206.61,77
92,56,7,倚剑嫌酒少,0.786,ok,1202.56,1206.61,39
92,57,1,MH今天当现充,0.814,ok,1202.68,1206.73,77
92,57,2,哔哩吧啦飞吧,0.469,pending,1202.68,1206.73,77
92,57,4,藜纶进游游,0.361,pending,1202.68,1206.73,66
92,57,5,轻缘LightCircleL,0.837,ok,1202.68,1206.73,31
92,57,6,我控萝莉的里蜗,0.652,low_conf,1202.68,1206.73,77
92,57,7,叉乌在逃老汉儿,0.8,ok,1202.68,1206.73,70
92,58,0,Baymax_呆呆,0.865,ok,1202.8,1206.85,77
92,58,1,michael blast ,0.875,ok,1202.8,1206.85,77
92,58,2,哗哩吧啦呦呦。,0.682,low_conf,1202.8,1206.85,77
92,58,5,鲫鲫呆桌面C,0.508,pending,1202.8,1206.85,21
92,58,6,我来bibibibi,0.892,ok,1202.8,1206.85,77
92,58,7,亿纬锂行毛庆光,0.551,pending,1202.8,1206.85,77
92,59,0,Bay-maxs大自,0.838,ok,1202.92,1206.96,62
92,59,1,Mideteroast,0.646,low_conf,1202.92,1206.96,77
92,59,2,能懂整确动,0.235,pending,1202.92,1206.96,77
92,59,3,嶺晓雨网-,0.398,pending,1202.92,1206.96,40
92,59,4,黎深的牛宝,0.816,ok,1202.92,1206.96,53
92,59,5,清御果果面,0.41,pending,1202.92,1206.96,26
92,59,6,我勒个大擦呦,0.84,ok,1202.92,1206.96,77
92,60,0,BBBevan人口,0.761,ok,1203.04,1207.08,42
92,60,2,哦喱喱哩哩哩,0.405,pending,1203.04,1207.08,77
92,60,4,黎烁OV,0.463,pending,1203.04,1207.08,32
92,60,5,清风_明月520,0.877,ok,1203.04,1207.08,25
92,60,6,我麻了别理我,0.837,ok,1203.04,1207.08,77
92,61,0,BBQ啵啵七,0.797,ok,1203.16,1207.2,55
92,61,1,mikkoooo ,0.784,ok,1203.16,1207.2,77
92,61,2,碧影芋芋哇哇,0.55,pending,1203.16,1207.2,77
92,61,3,刮刮乐高手,0.823,ok,1203.16,1207.2,77
92,61,5,清风拂海港20,0.705,low_conf,1203.16,1207.2,22
92,61,6,我美妙的谎言,0.71,low_conf,1203.16,1207.2,77
92,61,7,忆口南瓜饼,0.791,ok,1203.16,1207.2,39
92,62,0,Bearcloud,0.826,ok,1203.28,1207.32,18
92,62,1,mikochi-Yb,0.709,low_conf,1203.28,1207.32,77
92,62,2,迈境韩立限,0.634,low_conf,1203.28,1207.32,77
92,62,5,清寒kisrate,0.863,ok,1203.28,1207.32,21
92,62,6,我们要在一起一辈子嘛,0.886,ok,1203.28,1207.32,65
92,62,7,忆雨晨邪讲,0.627,low_conf,1203.28,1207.32,70
92,63,0,Bearcuttie,0.821,ok,1203.39,1207.44,18
92,63,1,miles music,0.825,ok,1203.39,1207.44,77
92,63,2,边路少年,0.78,ok,1203.39,1207.44,77
92,63,3,关美一号一,0.483,pending,1203.39,1207.44,77
92,63,4,二李疯学,0.443,pending,1203.39,1207.44,46
92,63,5,清凉的月15,0.85,ok,1203.39,1207.44,22
92,63,6,我名字你有在偷偷看要,0.834,ok,1203.39,1207.44,22
92,64,0,Beyonder666,0.892,ok,1203.51,1207.56,20
92,64,1,Milefiorese ,0.716,low_conf,1203.51,1207.56,60
92,64,3,吴山南越、,0.736,low_conf,1203.51,1207.56,77
92,64,4,李老师老公,0.818,ok,1203.51,1207.56,59
92,64,5,清明上河图xm,0.854,ok,1203.51,1207.56,21
92,64,6,我世凡空有在葡前着会,0.592,pending,1203.51,1207.56,20
92,65,0,bibibjidgh c,0.795,ok,1203.63,1207.68,22
92,65,2,烹沐雨橙风然,0.61,low_conf,1203.63,1207.68,77
92,65,4,李念大长老,0.708,low_conf,1203.63,1207.68,47
92,65,5,清夏支欢图究,0.71,low_conf,1203.63,1207.68,21
92,65,6,我是不是该改个名字了,0.873,ok,1203.63,1207.68,28
184,66,0,bibibijidgh nie,0.744,low_conf,1203.75,1207.8,58
184,66,4,土营李念大长老,0.662,low_conf,1203.75,1207.8,77
184,66,5,清夏又欢车络相用,0.565,pending,1203.75,1207.8,77
184,66,6,我是不是该改个名字了,0.867,ok,1203.75,1207.8,22
184,67,0,big Apple pies,0.728,low_conf,1203.87,1207.91,72
184,67,1,Mingzzkiss,0.802,ok,1203.87,1207.91,77
184,67,3,管饱亦挑逗味蕾,0.85,ok,1203.87,1207.91,45
184,67,5,情为何物是有缘相见,0.897,ok,1203.87,1207.91,77
184,68,0,bll 10153434011,0.826,ok,1203.99,1208.03,41
184,68,1,minipzl o,0.712,low_conf,1203.99,1208.03,77
184,68,2,别NA我奶瓶QAQ,0.861,ok,1203.99,1208.03,26
184,68,3,光_就是一切的意义,0.798,ok,1203.99,1208.03,59
184,68,4,的意义李太白的小破,0.828,ok,1203.99,1208.03,77
184,68,5,请叫我LBT,0.743,low_conf,1203.99,1208.03,77
184,68,6,我是大笨比qag,0.79,ok,1203.99,1208.03,58
184,68,7,异次元宇少爷,0.833,ok,1203.99,1208.03,46
184,69,0,bll 12681354407,0.789,ok,1204.11,1208.15,24
184,69,1,Minner Qing,0.844,ok,1204.11,1208.15,77
184,69,2,别卷了想躺平,0.848,ok,1204.11,1208.15,62
184,69,3,光母耀斑,0.687,low_conf,1204.11,1208.15,77
184,69,6,我是飛揚啊,0.762,ok,1204.11,1208.15,77
184,69,7,异楼昨夜听雨,0.767,ok,1204.11,1208.15,59
184,70,0,bll 14821127218,0.788,ok,1204.23,1208.27,63
184,70,1,Miss王先生,0.761,ok,1204.23,1208.27,75
184,70,2,别理胖虎,0.704,low_conf,1204.23,1208.27,77
184,70,3,光阴之河,0.759,ok,1204.23,1208.27,77
184,70,4,李欣雨是大胖,0.842,ok,1204.23,1208.27,77
184,70,5,请叫我纯爱战士,0.834,ok,1204.23,1208.27,77
184,70,6,我是个小呵呵。,0.822,ok,1204.23,1208.27,73
184,70,7,邑giegie,0.833,ok,1204.23,1208.27,73
184,71,0,bll 15384885031,0.799,ok,1204.34,1208.39,77
184,71,1,Mitesoro-,0.823,ok,1204.34,1208.39,44
184,71,2,别明渡,0.565,pending,1204.34,1208.39,77
184,71,3,光之锯人艾斯尼菜,0.786,ok,1204.34,1208.39,77
184,71,4,新尼菜李有弥,0.762,ok,1204.34,1208.39,73
184,71,5,请叫我崔先生,0.817,ok,1204.34,1208.39,73
184,71,6,我是俊俊啦啦啦0,0.837,ok,1204.34,1208.39,42
184,71,7,易家烊,0.695,low_conf,1204.34,1208.39,42
184,72,0,bll 15800618473,0.849,ok,1204.46,1208.51,77
184,72,1,miupas,0.758,ok,1204.46,1208.51,30
184,72,2,别想从我手中抢走硬市,0.883,ok,1204.46,1208.51,77
184,72,3,硬市光锥之外的次元口,0.871,ok,1204.46,1208.51,75
184,72,4,次元口袋　里慕里慕禹,0.789,ok,1204.46,1208.51,42
184,72,5,请叫我甲大、,0.745,low_conf,1204.46,1208.51,42
184,72,6,我是来学画画的小,0.805,ok,1204.46,1208.51,58
184,72,7,易只毛猴,0.717,low_conf,1204.46,1208.51,20
184,73,0,bll 15922881431,0.826,ok,1204.58,1208.63,72
184,73,1,ml一只小蛾子 ,0.678,low_conf,1204.58,1208.63,24
184,73,2,彬彬有礼了,0.824,ok,1204.58,1208.63,77
184,73,3,七广雨风#利。,0.509,pending,1204.58,1208.63,44
184,73,4,小黑予里予里子,0.662,low_conf,1204.58,1208.63,60
184,73,5,请你自重施主孩,0.755,ok,1204.58,1208.63,57
184,73,6,我是没有名字的小孩,0.847,ok,1204.58,1208.63,71
184,73,7,易只小黑,0.779,ok,1204.58,1208.63,31
184,74,0,bll16407250690,0.873,ok,1204.7,1208.74,42
184,74,2,莫失莫忘,0.761,ok,1204.7,1208.74,77
184,74,3,归刃の葛利姆乔,0.792,ok,1204.7,1208.74,52
184,74,4,母乔鲤小鱼,0.748,low_conf,1204.7,1208.74,73
184,74,5,请我输入新昵称,0.813,ok,1204.7,1208.74,73
184,74,6,我是你二锅,0.748,low_conf,1204.7,1208.74,41
184,74,7,意晨曦u,0.56,pending,1204.7,1208.74,24
184,75,0,bll 17741905452,0.847,ok,1204.82,1208.86,22
184,75,1,mM梦想Mm,0.847,ok,1204.82,1208.86,45
184,75,3,归心宗五老五,0.779,ok,1204.82,1208.86,43
184,75,6,我是拖来的时的,0.864,ok,1204.82,1208.86,22
184,75,7,意中人Lolita,0.766,ok,1204.82,1208.86,29
184,76,0,bll 17781677619,0.816,ok,1204.94,1208.98,59
184,76,1,MM生生不息　,0.782,ok,1204.94,1208.98,21
184,76,6,我是二个小时的,0.801,ok,1204.94,1208.98,22
184,77,0,bll18117350408,0.881,ok,1205.06,1209.1,77
184,77,4,飞雨记人,0.541,pending,1205.06,1209.1,56
184,77,6,我是张厉害,0.826,ok,1205.06,1209.1,60
184,77,7,吟歌鲛绡泪沾尘,0.797,ok,1205.06,1209.1,77
184,78,0,bll18121731235,0.831,ok,1205.17,1209.22,77
184,78,1,moirapain,0.87,ok,1205.17,1209.22,22
184,78,2,冰晶石的泪,0.713,low_conf,1205.17,1209.22,77
184,78,4,产律批发金雷,0.734,low_conf,1205.17,1209.22,77
184,78,7,银春大力士-凑笔,0.811,ok,1205.17,1209.22,77
184,79,0,bll 20648545071,0.834,ok,1205.29,1209.34,77
184,79,1,momo_lulu,0.834,ok,1205.29,1209.34,55
184,79,3,桂馥兰馨→,0.686,low_conf,1205.29,1209.34,44
184,79,6,我想带你去飞行i,0.866,ok,1205.29,1209.34,77
184,79,7,银色诺克,0.735,low_conf,1205.29,1209.34,77
184,80,0,bll 20797890067,0.771,ok,1205.41,1209.46,77
184,80,1,momomap.,0.86,ok,1205.41,1209.46,77
184,80,2,冰天雪葬青姬琳,0.856,ok,1205.41,1209.46,77
184,80,3,！微笑！…,0.59,pending,1205.41,1209.46,29
184,80,4,荔枝儿甜呀,0.818,ok,1205.41,1209.46,77
184,80,6,我想-回家一住地,0.675,low_conf,1205.41,1209.46,77
184,81,0,bll 21634430444,0.839,ok,1205.53,1209.57,77
184,81,1,MoNSTeR小寒，,0.84,ok,1205.53,1209.57,77
184,81,2,冰镇茉莉清茶,0.816,ok,1205.53,1209.57,77
184,81,3,FLIPPED,0.852,ok,1205.53,1209.57,29
184,81,4,荔枝是个男孩,0.846,ok,1205.53,1209.57,77
184,81,6,我想截图留住她,0.815,ok,1205.53,1209.57,77
184,81,7,银鱼辣酱K,0.778,ok,1205.53,1209.57,77
184,82,0,bll 21737481226,0.818,ok,1205.65,1209.69,77
184,82,1,moodstrikerdd.-,0.818,ok,1205.65,1209.69,77
184,82,4,栗栗子的掌天,0.737,low_conf,1205.65,1209.69,77
184,82,5,秋1230元房#用,0.545,pending,1205.65,1209.69,77
184,82,6,我小弟硬椰,0.747,low_conf,1205.65,1209.69,77
184,83,0,bll 22166800230,0.763,ok,1205.77,1209.81,48
184,83,1,Morpheus777777,0.804,ok,1205.77,1209.81,73
184,83,3,！超人不会肥！,0.803,ok,1205.77,1209.81,25
184,83,5,秋风悲画扇素醉卧云颠,0.844,ok,1205.77,1209.81,77
184,84,0,bill 22715050277,0.83,ok,1205.89,1209.93,23
184,84,1,MorrisMorrison,0.848,ok,1205.89,1209.93,43
184,84,2,波比是只臭屁狗,0.866,ok,1205.89,1209.93,77
184,84,4,产，脸黑没钱肝不,0.724,low_conf,1205.89,1209.93,43
184,84,5,秋林气宇轩昂,0.82,ok,1205.89,1209.93,77
184,84,6,我鑫美如画十的享十送,0.637,low_conf,1205.89,1209.93,77
184,84,7,隐藏的中三,0.784,ok,1205.89,1209.93,77
184,85,0,bll 23311054722,0.821,ok,1206.0,1210.05,24
184,85,1,moshifu要摆烂了,0.881,ok,1206.0,1210.05,35
184,85,2,波波要上岸,0.818,ok,1206.0,1210.05,77
184,85,3,！请你别太得意！,0.865,ok,1206.0,1210.05,57
184,85,5,秋名山车神渊柒,0.798,ok,1206.0,1210.05,77
184,85,6,我要成为强力的哀木涕,0.814,ok,1206.0,1210.05,77
184,86,0,Bll 23836248 17,0.757,ok,1206.12,1210.17,60
184,86,1,Moto_killer ,0.715,low_conf,1206.12,1210.17,54
184,86,2,啵啵啵啵wyb,0.829,ok,1206.12,1210.17,77
184,86,4,恋peach乌龙,0.762,ok,1206.12,1210.17,56
184,86,6,我也是活能杆,0.521,pending,1206.12,1210.17,77
184,86,7,胤英利的价,0.589,pending,1206.12,1210.17,77
184,87,0,bll 23859476116 ,0.859,ok,1206.24,1210.29,41
184,87,1,Moximoxi-Momo,0.878,ok,1206.24,1210.29,77
184,87,2,啵啵猪和小叮当,0.827,ok,1206.24,1210.29,77
184,87,3,国士无双茜月月,0.781,ok,1206.24,1210.29,77
184,87,4,月月凉姐姐和我击,0.866,ok,1206.24,1210.29,77
184,87,5,秋秋秋秋秋迟晚,0.841,ok,1206.24,1210.29,72
184,87,6,我一直很能打人用！,0.711,low_conf,1206.24,1210.29,77
184,87,7,英梨梨的伦理君,0.791,ok,1206.24,1210.29,72
184,88,0,bill 24107445091,0.87,ok,1206.36,1210.41,57
184,88,1,Mr_Aquila神父,0.864,ok,1206.36,1210.41,77
184,88,3,果宝不能特供,0.854,ok,1206.36,1210.41,77
184,88,5,秋秋楸树第,0.647,low_conf,1206.36,1210.41,41
184,88,6,我一直就是那个男人。,0.856,ok,1206.36,1210.41,77
184,88,7,英帕锐斯,0.794,ok,1206.36,1210.41,41
184,89,0,bill 25316892591,0.833,ok,1206.48,1210.52,76
184,89,1,Mr_Genough,0.863,ok,1206.48,1210.52,77
184,89,2,菠萝-骑士,0.808,ok,1206.48,1210.52,77
184,89,3,果啤鱼,0.748,low_conf,1206.48,1210.52,77
184,89,4,两点就水饺,0.832,ok,1206.48,1210.52,77
184,89,5,秋田最爱笑,0.832,ok,1206.48,1210.52,27
184,89,6,我饮血一度凉,0.526,pending,1206.48,1210.52,77
184,90,0,bill 25543461852,0.804,ok,1206.6,1210.64,45
184,90,2,博丽幻月,0.749,low_conf,1206.6,1210.64,77
184,90,6,我永远爱志摩漂,0.79,ok,1206.6,1210.64,77
184,90,7,萤火成##007,0.488,pending,1206.6,1210.64,77
184,91,0,bill 26844886673,0.846,ok,1206.72,1210.76,25
184,91,2,博雅大人的猫,0.847,ok,1206.72,1210.76,77
184,91,3,过小车的痛,0.828,ok,1206.72,1210.76,55
184,91,6,我在忙等会回复你,0.884,ok,1206.72,1210.76,77
184,91,7,赢政吃花椒007,0.868,ok,1206.72,1210.76,73
184,92,0,bill 27472147239,0.838,ok,1206.84,1210.88,21
184,92,1,MTJJ_Peace ,0.856,ok,1206.84,1210.88,77
184,92,2,不爱吃辣的银时,0.81,ok,1206.84,1210.88,77
184,92,3,哈哈哈2324567,0.873,ok,1206.84,1210.88,77
184,92,4,567邻居家的小哥,0.872,ok,1206.84,1210.88,62
184,92,5,求解药朝区帜区帜区学,0.595,pending,1206.84,1210.88,22
184,92,6,我长得有点微妙,0.828,ok,1206.84,1210.88,77
184,93,0,bll 27680322592,0.846,ok,1206.95,1211.0,21
184,93,2,不爱读书的Allen 感,0.795,ok,1206.95,1211.0,77
184,93,3,哈哈哈我的梦。,0.755,ok,1206.95,1211.0,77
184,93,4,梦林归雾里,0.804,ok,1206.95,1211.0,77
184,93,5,区区区区区,0.824,ok,1206.95,1211.0,23
184,93,6,我真的是教授,0.805,ok,1206.95,1211.0,77
184,93,7,影子从风中来,0.809,ok,1206.95,1211.0,56
184,94,0,bll 28099848023,0.84,ok,1207.07,1211.12,21
184,94,1,Myfield柒玖,0.801,ok,1207.07,1211.12,77
184,94,2,不爱睡觉猫猫,0.854,ok,1207.07,1211.12,75
184,94,3,哈基米吃拼好饭,0.819,ok,1207.07,1211.12,77
184,94,4,饭林克Link1992,0.891,ok,1207.07,1211.12,75
184,94,5,曲面！批好甘苯林相位,0.413,pending,1207.07,1211.12,21
184,94,6,我真的是乞巧　,0.684,low_conf,1207.07,1211.12,75
184,94,7,映昭雪,0.68,low_conf,1207.07,1211.12,42
184,95,0,bll 29068668130,0.815,ok,1207.19,1211.24,20
184,95,1,My千寻,0.738,low_conf,1207.19,1211.24,75
184,95,2,不必了嘿,0.793,ok,1207.19,1211.24,44
184,95,3,哈密瓜哗哩,0.705,low_conf,1207.19,1211.24,77
184,95,4,林克家的咕咕,0.856,ok,1207.19,1211.24,44
184,95,5,曲终人散场花落梦相依,0.902,ok,1207.19,1211.24,22
184,95,7,硬币扑克般子,0.769,ok,1207.19,1211.24,26
184,96,0,bll30357966217,0.826,ok,1207.31,1211.35,20
184,96,5,屈阿伯致那发乱,0.44,pending,1207.31,1211.35,27
184,96,6,乌鲁哆啦梦叶味,0.659,low_conf,1207.31,1211.35,26
